unit,hlth_pb,age,sex,time\geo;EU27 ;BE ;BG ;CZ ;DK ;DE ;EE ;EL ;ES ;FR ;IT ;CY ;LV ;LT ;LU ;HU ;MT ;NL ;AT ;PL ;PT ;RO ;SI ;SK ;FI ;SE ;UK ;EEA ;IS ;NO 
THS,PB2010,Y15-44,F,2012;5872.9 e;192.2 ;64.3 ;31.8 u;123.1 ;1048.4 ;20.6 ;61.5 ;697.4 ;888.0 ;215.5 ;15.3 ;23.4 ;38.3 ;9.2 ;83.1 ;2.7 u;286.6 ;125.8 ;393.5 ;118.0 ;97.9 ;28.0 ;56.2 ;76.9 ;190.1 ;985.1 ;5981.5 e;8.8 ;99.8 
THS,PB2010,Y15-44,M,2012;4122.6 e;130.1 ;51.6 ;16.1 u;71.7 ;760.1 ;22.1 ;39.3 ;425.8 ;664.7 ;180.2 ;7.8 ;21.0 ;32.1 ;5.3 ;73.1 ;1.5 u;126.3 ;57.3 ;279.9 ;78.5 ;110.6 ;21.5 ;98.7 ;65.9 ;125.5 ;655.6 ;4196.3 e;6.7 ;67.0 
THS,PB2010,Y15-44,T,2012;9995.5 e;322.3 ;115.9 ;47.8 u;194.8 ;1808.5 ;42.8 ;100.8 ;1123.3 ;1552.8 ;395.7 ;23.1 ;44.4 ;70.5 ;14.5 ;156.2 ;4.2 u;412.9 ;183.1 ;673.4 ;196.5 ;208.4 ;49.5 ;154.9 ;142.9 ;315.6 ;1640.8 ;10177.8 e;15.5 ;166.8 
THS,PB2010,Y45-64,F,2012;16490.1 e;517.2 ;282.8 ;97.7 ;214.0 ;2853.0 ;64.3 ;265.9 ;1979.0 ;2576.2 ;1029.4 ;51.4 ;77.0 ;98.6 ;19.5 ;347.5 ;9.3 ;475.1 ;266.0 ;1434.2 ;408.0 ;510.8 ;74.2 ;357.4 ;213.4 ;347.8 ;1920.1 ;16681.1 e;14.7 ;176.4 
THS,PB2010,Y45-64,M,2012;9940.7 e;221.1 ;182.9 ;57.2 ;154.5 ;2278.2 ;36.3 ;81.9 ;895.3 ;1496.0 ;501.4 ;24.5 ;35.4 ;58.6 ;11.7 ;255.2 ;4.4 ;229.8 ;134.5 ;896.5 ;193.2 ;394.9 ;44.2 ;169.3 ;145.4 ;158.2 ;1280.3 ;10056.6 e;5.9 ;110.0 
THS,PB2010,Y45-64,T,2012;26430.7 e;738.3 ;465.7 ;154.9 ;368.4 ;5131.2 ;100.5 ;347.8 ;2874.3 ;4072.2 ;1530.9 ;75.9 ;112.4 ;157.2 ;31.2 ;602.7 ;13.7 ;704.9 ;400.5 ;2330.7 ;601.2 ;905.8 ;118.4 ;526.7 ;358.8 ;505.9 ;3200.4 ;26737.7 e;20.5 ;286.4 
THS,PB2010,Y_GE15,F,2012;41864.6 e;1071.0 ;660.0 ;304.2 ;512.7 ;7172.8 ;145.5 ;784.3 ;5085.7 ;5918.7 ;3600.9 ;96.8 ;202.4 ;274.4 ;46.4 ;918.3 ;23.0 ;1054.3 ;674.2 ;3501.2 ;966.2 ;1531.3 ;178.9 ;625.2 ;502.1 ;855.7 ;5158.7 ;42301.2 e;31.5 ;405.1 
THS,PB2010,Y_GE15,M,2012;22810.2 e;566.2 ;388.9 ;153.6 ;308.9 ;4647.4 ;74.4 ;272.4 ;2133.3 ;3377.8 ;1664.6 ;46.6 ;88.9 ;134.8 ;22.4 ;539.3 ;11.9 ;515.6 ;324.1 ;1804.1 ;475.2 ;1080.6 ;102.7 ;326.8 ;296.1 ;412.4 ;3041.1 ;23050.4 e;16.0 ;224.2 
THS,PB2010,Y_GE15,T,2012;64674.8 e;1637.2 ;1048.9 ;457.8 ;821.5 ;11820.1 ;219.9 ;1056.6 ;7219.0 ;9296.5 ;5265.5 ;143.4 ;291.3 ;409.2 ;68.8 ;1457.5 ;34.9 ;1569.9 ;998.3 ;5305.4 ;1441.4 ;2611.9 ;281.6 ;952.0 ;798.2 ;1268.0 ;8199.7 ;65351.6 e;47.5 ;629.3 
THS,PB2010,Y_GE65,F,2012;19501.7 e;361.6 ;312.9 ;174.8 ;175.6 ;3271.4 ;60.6 ;456.9 ;2409.2 ;2454.4 ;2356.0 ;30.1 ;102.0 ;137.4 ;17.6 ;487.7 ;11.0 ;292.6 ;282.4 ;1673.5 ;440.2 ;922.5 ;76.6 ;211.6 ;211.8 ;317.7 ;2253.4 ;19638.6 e;8.1 ;128.9 
THS,PB2010,Y_GE65,M,2012;8746.9 e;215.0 ;154.4 ;80.3 ;82.7 ;1609.0 ;16.0 ;151.2 ;812.2 ;1217.0 ;983.0 ;14.4 ;32.5 ;44.1 ;5.4 ;211.0 ;6.1 ;159.5 ;132.3 ;627.8 ;203.5 ;575.2 ;37.1 ;58.8 ;84.8 ;128.7 ;1105.1 ;8797.5 e;3.5 ;47.2 
THS,PB2010,Y_GE65,T,2012;28248.5 e;576.5 ;467.3 ;255.1 ;258.3 ;4880.4 ;76.6 ;608.0 ;3221.4 ;3671.5 ;3339.0 ;44.5 ;134.5 ;181.5 ;23.1 ;698.6 ;17.0 ;452.1 ;414.7 ;2301.3 ;643.7 ;1497.7 ;113.7 ;270.5 ;296.5 ;446.5 ;3358.5 ;28436.1 e;11.5 ;176.1 
THS,PB2020,Y15-44,F,2012;7461.1 e;301.7 ;84.2 ;49.0 ;132.5 ;1446.5 ;29.3 ;72.9 ;1022.8 ;868.2 ;268.1 ;11.8 ;40.3 ;59.3 ;7.2 ;92.1 ;2.8 ;400.5 ;151.2 ;573.8 ;112.0 ;144.1 ;28.3 ;121.4 ;92.0 ;240.1 ;1108.9 ;7590.2 e;12.2 ;116.9 
THS,PB2020,Y15-44,M,2012;6545.7 e;184.3 ;77.6 ;60.1 ;154.1 ;1493.0 ;33.8 ;47.6 ;760.9 ;822.9 ;247.5 ;11.6 ;32.1 ;51.0 ;11.0 ;112.9 ;3.6 ;224.6 ;108.1 ;410.1 ;105.2 ;145.4 ;32.9 ;166.8 ;79.2 ;207.6 ;962.0 ;6654.2 e;11.3 ;97.2 
THS,PB2020,Y15-44,T,2012;14006.8 e;486.0 ;161.8 ;109.1 ;286.7 ;2939.5 ;63.1 ;120.5 ;1783.7 ;1691.1 ;515.6 ;23.5 ;72.5 ;110.3 ;18.2 ;205.0 ;6.4 ;625.0 ;259.3 ;983.9 ;217.1 ;289.5 ;61.2 ;288.2 ;171.2 ;447.7 ;2070.9 ;14244.4 e;23.5 ;214.1 
THS,PB2020,Y45-64,F,2012;17855.2 e;452.2 ;333.4 ;190.3 ;255.4 ;3169.7 ;81.4 ;311.9 ;2062.5 ;2012.5 ;1090.7 ;41.9 ;117.1 ;148.9 ;18.1 ;391.0 ;13.6 ;534.0 ;227.4 ;1797.4 ;396.5 ;673.7 ;73.5 ;469.5 ;239.6 ;389.5 ;2363.3 ;18029.4 e;13.5 ;160.7 
THS,PB2020,Y45-64,M,2012;12688.9 e;249.2 ;272.8 ;120.2 ;201.5 ;2794.1 ;52.5 ;108.1 ;1243.2 ;1430.9 ;603.3 ;25.3 ;73.7 ;89.1 ;12.2 ;302.8 ;8.5 ;360.5 ;219.6 ;1324.5 ;227.9 ;566.5 ;71.1 ;247.2 ;156.3 ;206.7 ;1721.1 ;12800.1 e;8.1 ;103.0 
THS,PB2020,Y45-64,T,2012;30544.1 e;701.4 ;606.1 ;310.5 ;456.9 ;5963.8 ;133.9 ;420.0 ;3305.7 ;3443.4 ;1694.1 ;67.3 ;190.8 ;238.0 ;30.3 ;693.8 ;22.1 ;894.5 ;447.0 ;3122.0 ;624.4 ;1240.3 ;144.6 ;716.7 ;395.9 ;596.2 ;4084.4 ;30829.5 e;21.6 ;263.8 
THS,PB2020,Y_GE15,F,2012;49187.2 e;1156.1 ;880.3 ;644.3 ;609.6 ;8868.3 ;205.3 ;1034.5 ;5802.3 ;5194.2 ;4607.1 ;90.2 ;319.2 ;417.7 ;42.8 ;1056.3 ;32.8 ;1342.1 ;727.5 ;4472.7 ;1040.6 ;1922.2 ;213.1 ;894.7 ;575.7 ;1055.6 ;5981.8 ;49641.1 e;36.1 ;417.7 
THS,PB2020,Y_GE15,M,2012;32495.7 e;747.4 ;602.7 ;419.3 ;505.6 ;6934.5 ;119.8 ;419.9 ;3327.3 ;3780.9 ;2381.7 ;56.2 ;162.6 ;224.5 ;31.0 ;695.7 ;21.9 ;864.8 ;493.1 ;2671.3 ;589.0 ;1479.5 ;163.4 ;520.1 ;403.2 ;648.0 ;4232.0 ;32790.3 e;26.4 ;268.2 
THS,PB2020,Y_GE15,T,2012;81682.9 e;1903.5 ;1482.9 ;1063.6 ;1115.2 ;15802.8 ;325.1 ;1454.3 ;9129.6 ;8975.2 ;6988.8 ;146.4 ;481.9 ;642.3 ;73.9 ;1752.0 ;54.7 ;2206.9 ;1220.6 ;7144.0 ;1629.5 ;3401.8 ;376.5 ;1414.9 ;978.9 ;1703.7 ;10213.9 ;82431.3 e;62.6 ;685.9 
THS,PB2020,Y_GE65,F,2012;23871.0 e;402.2 ;462.7 ;405.0 ;221.7 ;4252.0 ;94.6 ;649.6 ;2717.0 ;2313.6 ;3248.3 ;36.4 ;161.8 ;209.5 ;17.5 ;573.2 ;16.4 ;407.7 ;348.8 ;2101.5 ;532.1 ;1104.4 ;111.3 ;303.9 ;244.1 ;426.0 ;2509.6 ;24021.5 e;10.4 ;140.1 
THS,PB2020,Y_GE65,M,2012;13261.0 e;313.9 ;252.3 ;238.9 ;150.0 ;2647.5 ;33.5 ;264.2 ;1323.2 ;1527.2 ;1530.9 ;19.2 ;56.8 ;84.5 ;7.8 ;280.0 ;9.8 ;279.6 ;165.4 ;936.6 ;255.9 ;767.6 ;59.4 ;106.1 ;167.7 ;233.7 ;1549.0 ;13336.0 e;7.1 ;67.9 
THS,PB2020,Y_GE65,T,2012;37132.0 e;716.1 ;715.0 ;643.9 ;371.7 ;6899.5 ;128.1 ;913.9 ;4040.2 ;3840.7 ;4779.2 ;55.7 ;218.7 ;294.0 ;25.3 ;853.2 ;26.2 ;687.3 ;514.3 ;3038.1 ;788.0 ;1872.1 ;170.7 ;410.0 ;411.8 ;659.8 ;4058.6 ;37357.5 e;17.5 ;208.0 
THS,PB2030,Y15-44,F,2012;16117.0 e;592.7 ;108.0 ;149.2 ;253.1 ;3791.0 ;77.1 ;151.3 ;2216.8 ;2360.7 ;644.9 ;30.3 ;105.2 ;144.0 ;24.6 ;175.7 ;6.7 ;763.3 ;372.6 ;1200.6 ;229.9 ;151.6 ;51.9 ;256.1 ;156.5 ;462.5 ;1640.8 ;16371.1 e;22.0 ;232.1 
THS,PB2030,Y15-44,M,2012;11996.5 e;404.6 ;107.1 ;136.6 ;201.3 ;2938.3 ;70.3 ;105.6 ;1333.6 ;1723.3 ;606.6 ;14.1 ;88.8 ;120.5 ;22.1 ;197.2 ;6.6 ;378.0 ;253.2 ;787.6 ;147.6 ;162.1 ;68.2 ;252.8 ;144.1 ;326.2 ;1400.1 ;12186.4 e;16.7 ;173.2 
THS,PB2030,Y15-44,T,2012;28113.5 e;997.3 ;215.1 ;285.7 ;454.4 ;6729.3 ;147.3 ;256.9 ;3550.4 ;4084.0 ;1251.5 ;44.4 ;193.9 ;264.5 ;46.7 ;372.9 ;13.3 ;1141.3 ;625.8 ;1988.3 ;377.5 ;313.7 ;120.1 ;508.9 ;300.6 ;788.7 ;3040.9 ;28557.5 e;38.6 ;405.3 
THS,PB2030,Y45-64,F,2012;24249.1 e;780.4 ;339.3 ;323.3 ;294.1 ;4723.4 ;106.3 ;366.9 ;2746.9 ;3411.1 ;1650.6 ;57.0 ;157.7 ;218.8 ;26.9 ;474.9 ;13.4 ;710.7 ;372.1 ;2580.6 ;551.5 ;575.9 ;131.7 ;557.3 ;248.9 ;500.9 ;2328.4 ;24485.0 e;20.1 ;215.8 
THS,PB2030,Y45-64,M,2012;18242.0 e;456.7 ;217.0 ;271.7 ;242.4 ;4070.2 ;73.3 ;202.3 ;1734.9 ;2602.4 ;1120.8 ;40.9 ;124.0 ;152.7 ;23.1 ;369.7 ;11.3 ;467.0 ;391.1 ;1957.9 ;345.2 ;548.4 ;112.5 ;346.6 ;199.4 ;314.5 ;1846.0 ;18421.1 e;10.8 ;168.3 
THS,PB2030,Y45-64,T,2012;42491.0 e;1237.1 ;556.3 ;595.0 ;536.6 ;8793.5 ;179.6 ;569.2 ;4481.8 ;6013.6 ;2771.4 ;98.0 ;281.7 ;371.5 ;50.0 ;844.6 ;24.7 ;1177.6 ;763.2 ;4538.5 ;896.7 ;1124.3 ;244.2 ;903.9 ;448.3 ;815.4 ;4174.4 ;42906.1 e;30.9 ;384.1 
THS,PB2030,Y_GE15,F,2012;63202.3 e;1830.4 ;787.2 ;801.4 ;743.4 ;12965.8 ;271.7 ;1046.7 ;7589.9 ;8396.5 ;4898.3 ;116.3 ;424.8 ;595.2 ;71.3 ;1225.1 ;32.1 ;1871.9 ;1067.9 ;6007.0 ;1296.9 ;1584.1 ;304.8 ;1103.9 ;630.4 ;1350.0 ;6189.3 ;63848.9 e;51.9 ;594.6 
THS,PB2030,Y_GE15,M,2012;42226.4 e;1203.8 ;489.6 ;600.0 ;567.2 ;9370.6 ;177.5 ;523.5 ;4191.4 ;5925.3 ;3105.1 ;73.6 ;272.0 ;360.7 ;54.5 ;830.6 ;24.6 ;1113.6 ;858.8 ;3743.1 ;756.6 ;1314.3 ;248.1 ;681.5 ;478.8 ;845.5 ;4415.9 ;42678.7 e;33.2 ;419.1 
THS,PB2030,Y_GE15,T,2012;105428.8 e;3034.2 ;1276.8 ;1401.4 ;1310.6 ;22336.4 ;449.1 ;1570.2 ;11781.3 ;14321.8 ;8003.5 ;189.9 ;696.8 ;955.9 ;125.9 ;2055.6 ;56.7 ;2985.5 ;1926.7 ;9750.1 ;2053.5 ;2898.4 ;552.9 ;1785.4 ;1109.3 ;2195.5 ;10605.3 ;106527.6 e;85.1 ;1013.7 
THS,PB2030,Y_GE65,F,2012;22836.3 e;457.3 ;339.9 ;329.0 ;196.1 ;4451.4 ;88.3 ;528.5 ;2626.2 ;2624.7 ;2602.8 ;29.0 ;162.0 ;232.4 ;19.8 ;574.5 ;12.0 ;397.9 ;323.1 ;2225.8 ;515.5 ;856.6 ;121.2 ;290.4 ;225.1 ;386.6 ;2220.2 ;22992.8 e;9.8 ;146.7 
THS,PB2030,Y_GE65,M,2012;11987.9 e;342.5 ;165.5 ;191.8 ;123.5 ;2362.2 ;33.9 ;215.6 ;1122.9 ;1599.6 ;1377.7 ;18.6 ;59.2 ;87.5 ;9.3 ;263.7 ;6.7 ;268.6 ;214.6 ;997.6 ;263.7 ;603.9 ;67.4 ;82.2 ;135.3 ;204.8 ;1169.7 ;12071.2 e;5.7 ;77.6 
THS,PB2030,Y_GE65,T,2012;34824.2 e;799.8 ;505.4 ;520.7 ;319.7 ;6813.6 ;122.2 ;744.1 ;3749.1 ;4224.2 ;3980.6 ;47.6 ;221.2 ;319.9 ;29.1 ;838.2 ;18.7 ;666.6 ;537.7 ;3223.4 ;779.3 ;1460.5 ;188.6 ;372.6 ;360.4 ;591.4 ;3389.9 ;35064.0 e;15.5 ;224.3 
THS,PB2210,Y15-44,F,2012;4479.6 e;160.2 ;30.8 ;46.9 u;72.5 ;1072.0 ;24.5 ;15.5 u;404.1 ;638.0 ;114.9 u;: u;17.4 ;27.4 ;3.7 u;49.0 ;1.3 u;275.2 ;80.1 ;208.9 ;81.1 ;24.4 u;7.2 u;74.9 ;60.3 ;173.2 ;813.3 ;4533.1 e;9.9 ;43.6 
THS,PB2210,Y15-44,M,2012;3376.6 e;117.1 ;28.0 ;36.2 u;66.0 ;867.5 ;13.5 ;8.3 u;280.7 ;397.5 ;95.4 u;: u;11.8 ;22.2 ;3.3 u;35.4 ;2.2 u;205.9 ;50.0 ;165.5 ;32.1 ;25.9 u;6.4 u;75.1 ;56.6 ;131.7 ;640.7 ;3415.5 e;6.5 ;32.5 
THS,PB2210,Y15-44,T,2012;7856.2 e;277.2 ;58.8 ;83.1 u;138.5 ;1939.5 ;38.1 ;23.8 u;684.8 ;1035.5 ;210.3 u;: u;29.2 ;49.6 ;7.0 u;84.4 ;3.5 u;481.1 ;130.0 ;374.4 ;113.2 ;50.4 u;13.6 u;150.0 ;116.9 ;304.9 ;1454.0 ;7948.6 e;16.3 ;76.1 
THS,PB2210,Y45-64,F,2012;3244.8 e;110.9 ;46.2 ;13.9 u;66.1 ;646.7 ;20.4 ;21.8 u;384.5 ;490.6 ;151.5 u;3.8 u;13.5 ;24.7 ;2.1 u;44.9 ;2.2 u;147.8 ;61.5 ;202.5 ;65.2 ;33.0 u;11.6 u;75.7 ;46.4 ;113.2 ;444.2 ;3277.8 e;5.8 ;27.2 
THS,PB2210,Y45-64,M,2012;2655.8 e;59.4 ;32.9 ;23.5 u;54.3 ;609.8 ;14.3 ;19.1 u;321.5 ;296.5 ;77.1 u;3.2 u;11.3 ;20.7 ;2.5 u;47.1 ;1.2 u;175.2 ;50.3 ;158.6 ;69.6 ;35.8 u;7.6 u;58.0 ;46.9 ;111.7 ;347.8 ;2691.3 e;3.4 ;32.1 
THS,PB2210,Y45-64,T,2012;5900.6 e;170.3 ;79.1 ;37.4 u;120.4 ;1256.5 ;34.7 ;40.9 u;706.0 ;787.0 ;228.6 u;7.0 u;24.8 ;45.4 ;4.5 u;92.0 ;3.4 u;323.0 ;111.8 ;361.1 ;134.8 ;68.8 u;19.2 u;133.7 ;93.4 ;224.9 ;792.0 ;5969.1 e;9.3 ;59.3 
THS,PB2210,Y_GE15,F,2012;10469.4 e;335.4 ;116.4 ;81.7 ;178.2 ;2423.2 ;55.9 ;65.9 ;1163.2 ;1443.6 ;401.4 ;8.9 ;44.1 ;82.0 ;7.3 ;137.2 ;4.9 ;537.0 ;190.7 ;577.7 ;199.9 ;88.4 ;28.9 ;178.7 ;129.4 ;400.9 ;1588.6 ;10583.9 e;18.4 ;96.1 
THS,PB2210,Y_GE15,M,2012;8175.7 e;240.0 ;85.9 ;78.4 ;160.5 ;2022.0 ;33.1 ;47.5 ;868.9 ;942.4 ;262.4 ;7.0 ;30.0 ;54.2 ;6.9 ;100.6 ;5.0 ;507.1 ;132.9 ;393.6 ;139.8 ;86.1 ;18.8 ;143.6 ;134.4 ;336.4 ;1338.4 ;8270.9 e;11.5 ;83.7 
THS,PB2210,Y_GE15,T,2012;18645.1 e;575.4 ;202.3 ;160.1 ;338.7 ;4445.2 ;89.0 ;113.3 ;2032.1 ;2385.9 ;663.8 ;15.9 ;74.1 ;136.3 ;14.2 ;237.7 ;9.9 ;1044.1 ;323.6 ;971.3 ;339.7 ;174.5 ;47.7 ;322.3 ;263.8 ;737.3 ;2927.0 ;18854.8 e;30.0 ;179.8 
THS,PB2210,Y_GE65,F,2012;2745.0 e;64.3 ;39.4 ;20.9 u;39.6 ;704.5 ;11.0 ;28.5 u;374.6 ;315.0 ;135.0 ;2.4 u;13.2 ;29.9 ;1.5 u;43.3 ;1.4 u;114.0 ;49.2 ;166.2 ;53.6 ;31.0 u;10.1 u;28.1 ;22.7 ;114.5 ;331.0 ;2773.0 e;2.7 ;25.3 u
THS,PB2210,Y_GE65,M,2012;2143.4 e;63.6 ;25.1 ;18.8 u;40.2 ;544.7 ;5.3 ;20.0 u;266.7 ;248.4 ;89.9 ;2.2 u;6.9 ;11.4 ;1.2 u;18.0 ;1.5 u;126.0 ;32.6 ;69.5 ;38.1 ;24.4 u;4.8 u;10.5 ;30.9 ;92.9 ;349.9 ;2164.1 e;1.6 ;19.1 u
THS,PB2210,Y_GE65,T,2012;4888.3 e;127.9 ;64.4 ;39.7 u;79.8 ;1249.2 ;16.3 ;48.5 u;641.3 ;563.4 ;224.8 ;4.7 u;20.1 ;41.3 ;2.7 u;61.3 ;3.0 u;240.0 ;81.8 ;235.7 ;91.7 ;55.3 u;15.0 u;38.6 ;53.5 ;207.5 ;681.0 ;4937.1 e;4.4 ;44.4 u
THS,PB2310,Y15-44,F,2012;5763.9 e;192.5 ;30.0 ;34.6 ;82.9 ;1090.9 ;14.5 ;43.6 ;494.1 ;931.6 ;212.6 ;6.6 u;17.8 ;39.2 ;4.8 u;72.7 ;4.6 ;367.2 ;78.8 ;255.0 ;137.5 ;32.3 u;15.1 ;62.0 ;74.0 ;142.5 ;1326.5 ;5863.6 e;7.6 ;92.1 
THS,PB2310,Y15-44,M,2012;5084.2 e;155.0 ;30.8 ;52.5 ;75.8 ;937.0 ;14.4 ;24.0 ;529.3 ;669.9 ;207.1 ;4.2 u;19.3 ;22.7 ;2.7 u;66.8 ;4.5 ;205.4 ;67.2 ;234.4 ;143.7 ;39.1 u;13.5 ;75.2 ;57.2 ;127.5 ;1304.8 ;5163.2 e;5.0 ;74.0 
THS,PB2310,Y15-44,T,2012;10848.1 e;347.5 ;60.7 ;87.2 ;158.8 ;2027.9 ;28.9 ;67.6 ;1023.4 ;1601.5 ;419.7 ;10.8 u;37.2 ;61.9 ;7.5 u;139.5 ;9.1 ;572.5 ;146.0 ;489.4 ;281.2 ;71.4 u;28.7 ;137.2 ;131.3 ;269.9 ;2631.3 ;11026.8 e;12.6 ;166.1 
THS,PB2310,Y45-64,F,2012;6260.8 e;159.7 ;115.3 ;64.0 ;81.9 ;1150.6 ;17.0 ;56.8 ;558.7 ;726.6 ;227.4 ;11.1 ;31.8 ;61.6 ;5.0 ;151.5 ;4.8 ;268.5 ;101.1 ;461.5 ;177.6 ;162.7 ;27.5 ;171.8 ;98.7 ;95.4 ;1272.1 ;6325.3 e;7.4 ;57.1 
THS,PB2310,Y45-64,M,2012;5233.3 e;126.5 ;90.9 ;46.0 ;70.0 ;916.4 ;13.0 ;32.2 ;576.1 ;644.4 ;237.6 ;12.6 ;20.4 ;36.6 ;4.2 ;110.5 ;4.1 ;190.3 ;125.5 ;403.9 ;132.5 ;181.0 ;21.5 ;110.6 ;81.7 ;65.0 ;979.9 ;5290.2 e;3.0 ;53.9 
THS,PB2310,Y45-64,T,2012;11494.1 e;286.2 ;206.2 ;110.1 ;151.9 ;2067.0 ;30.0 ;89.1 ;1134.8 ;1371.0 ;464.9 ;23.6 ;52.2 ;98.1 ;9.2 ;262.0 ;8.9 ;458.9 ;226.6 ;865.4 ;310.1 ;343.7 ;49.0 ;282.4 ;180.3 ;160.4 ;2252.0 ;11615.5 e;10.4 ;111.0 
THS,PB2310,Y_GE15,F,2012;19074.1 e;445.2 ;280.5 ;242.3 ;243.0 ;3654.3 ;59.4 ;218.5 ;1770.9 ;2320.8 ;1251.8 ;26.7 ;100.6 ;187.2 ;14.8 ;420.9 ;12.6 ;846.5 ;272.1 ;1287.0 ;476.4 ;376.7 ;79.9 ;335.5 ;259.6 ;334.5 ;3556.5 ;19294.2 e;18.8 ;201.3 
THS,PB2310,Y_GE15,M,2012;15843.4 e;384.5 ;220.2 ;190.9 ;218.2 ;2880.5 ;40.1 ;130.6 ;1809.0 ;1930.8 ;1085.4 ;24.4 ;57.1 ;104.9 ;9.2 ;276.0 ;12.4 ;552.8 ;259.8 ;1028.0 ;385.7 ;404.9 ;55.7 ;223.7 ;212.3 ;286.6 ;3059.6 ;16010.8 e;10.6 ;156.8 
THS,PB2310,Y_GE15,T,2012;34917.5 e;829.7 ;500.7 ;433.2 ;461.2 ;6534.8 ;99.5 ;349.1 ;3579.9 ;4251.6 ;2337.2 ;51.1 ;157.8 ;292.0 ;24.1 ;696.9 ;24.9 ;1399.4 ;531.8 ;2315.0 ;862.0 ;781.7 ;135.6 ;559.2 ;471.9 ;621.1 ;6616.1 ;35304.9 e;29.3 ;358.1 
THS,PB2310,Y_GE65,F,2012;7049.4 e;93.0 ;135.3 ;143.6 ;78.2 ;1412.8 ;27.9 ;118.0 ;718.1 ;662.6 ;811.8 ;9.0 ;51.0 ;86.4 ;5.0 ;196.7 ;3.1 ;210.8 ;92.2 ;570.5 ;161.3 ;181.7 ;37.3 ;101.7 ;86.9 ;96.6 ;957.9 ;7105.3 e;3.8 ;52.1 
THS,PB2310,Y_GE65,M,2012;5525.9 e;103.0 ;98.5 ;92.4 ;72.4 ;1027.0 ;12.7 ;74.5 ;703.7 ;616.5 ;640.7 ;7.6 ;17.4 ;45.6 ;2.3 ;98.7 ;3.7 ;157.1 ;67.1 ;389.7 ;109.4 ;184.8 ;20.6 ;37.9 ;73.4 ;94.1 ;774.9 ;5557.3 e;2.5 ;28.9 
THS,PB2310,Y_GE65,T,2012;12575.3 e;196.0 ;233.8 ;235.9 ;150.6 ;2439.8 ;40.6 ;192.5 ;1421.8 ;1279.2 ;1452.5 ;16.6 ;68.4 ;132.0 ;7.3 ;295.4 ;6.9 ;368.0 ;159.3 ;960.2 ;270.8 ;366.5 ;57.9 ;139.6 ;160.3 ;190.7 ;1732.8 ;12662.6 e;6.3 ;81.0 
THS,PB2410,Y15-44,F,2012;4723.7 e;149.4 ;88.5 ;46.9 u;38.2 ;1311.5 ;29.8 ;37.2 ;462.1 ;385.1 ;203.8 ;5.2 u;46.5 ;68.2 ;5.3 ;113.2 ;2.6 ;172.4 ;148.6 ;462.6 ;151.1 ;100.8 ;19.6 ;82.5 ;38.4 ;66.9 ;487.4 ;4757.6 e;5.1 ;28.8 
THS,PB2410,Y15-44,M,2012;4306.5 e;97.1 ;79.7 ;37.0 u;43.5 ;1201.2 ;28.1 ;28.5 ;478.6 ;279.0 ;177.8 ;4.0 u;32.5 ;59.5 ;5.0 ;144.0 ;4.0 ;115.1 ;94.0 ;367.0 ;152.6 ;72.3 ;27.4 ;127.5 ;50.0 ;45.4 ;555.5 ;4361.0 e;4.2 ;50.3 
THS,PB2410,Y15-44,T,2012;9030.2 e;246.5 ;168.2 ;83.8 u;81.7 ;2512.7 ;57.9 ;65.7 ;940.7 ;664.0 ;381.7 ;9.3 u;79.0 ;127.8 ;10.4 ;257.2 ;6.6 ;287.5 ;242.6 ;829.6 ;303.7 ;173.1 ;47.0 ;210.0 ;88.5 ;112.2 ;1042.8 ;9118.6 e;9.4 ;79.1 
THS,PB2410,Y45-64,F,2012;15829.7 e;371.7 ;460.3 ;196.7 ;156.1 ;3054.5 ;73.7 ;283.8 ;1450.5 ;1614.0 ;926.3 ;29.2 ;140.5 ;204.1 ;10.0 ;582.6 ;14.7 ;412.6 ;225.7 ;1834.9 ;434.8 ;757.4 ;81.1 ;428.0 ;218.6 ;178.2 ;1689.7 ;15931.0 e;10.7 ;90.6 
THS,PB2410,Y45-64,M,2012;14722.4 e;321.1 ;414.7 ;197.9 ;143.7 ;3059.3 ;61.2 ;259.5 ;1599.0 ;1479.7 ;780.8 ;39.0 ;79.5 ;139.1 ;13.8 ;479.9 ;13.6 ;433.8 ;205.3 ;1515.1 ;287.4 ;639.8 ;77.1 ;285.1 ;204.7 ;167.9 ;1824.3 ;14859.8 e;10.1 ;127.4 
THS,PB2410,Y45-64,T,2012;30552.1 e;692.8 ;874.9 ;394.5 ;299.8 ;6113.9 ;134.9 ;543.3 ;3049.6 ;3093.7 ;1707.1 ;68.2 ;220.0 ;343.2 ;23.9 ;1062.5 ;28.3 ;846.4 ;431.0 ;3350.0 ;722.3 ;1397.2 ;158.3 ;713.2 ;423.2 ;346.1 ;3514.0 ;30790.9 e;20.8 ;218.0 
THS,PB2410,Y_GE15,F,2012;43854.9 e;874.1 ;1114.8 ;712.7 ;376.8 ;8998.2 ;213.0 ;901.3 ;4482.6 ;4159.0 ;3709.3 ;68.4 ;371.7 ;556.5 ;30.9 ;1413.3 ;34.7 ;1031.0 ;684.9 ;4545.7 ;1066.1 ;1923.2 ;220.0 ;849.5 ;529.4 ;578.4 ;4409.4 ;44162.4 e;25.2 ;282.3 
THS,PB2410,Y_GE15,M,2012;35977.8 e;797.1 ;864.1 ;568.2 ;356.8 ;7694.0 ;125.6 ;760.6 ;3744.3 ;3621.9 ;2917.0 ;71.9 ;182.4 ;322.4 ;29.7 ;1019.1 ;29.9 ;966.2 ;525.3 ;2949.4 ;797.2 ;1510.3 ;171.1 ;549.5 ;468.3 ;535.9 ;4399.6 ;36285.1 e;22.9 ;284.5 
THS,PB2410,Y_GE15,T,2012;79832.7 e;1671.3 ;1978.9 ;1281.0 ;733.6 ;16692.2 ;338.6 ;1661.9 ;8227.0 ;7780.9 ;6626.2 ;140.3 ;554.1 ;878.9 ;60.6 ;2432.4 ;64.5 ;1997.2 ;1210.3 ;7495.1 ;1863.3 ;3433.5 ;391.2 ;1399.0 ;997.7 ;1114.3 ;8809.0 ;80447.6 e;48.1 ;566.7 
THS,PB2410,Y_GE65,F,2012;23301.5 e;353.0 ;566.1 ;469.2 ;182.5 ;4632.1 ;109.5 ;580.3 ;2570.0 ;2160.0 ;2579.1 ;34.0 ;184.7 ;284.1 ;15.5 ;717.5 ;17.4 ;446.1 ;310.7 ;2248.3 ;480.1 ;1065.0 ;119.2 ;339.0 ;272.4 ;333.3 ;2232.3 ;23473.8 e;9.3 ;162.9 
THS,PB2410,Y_GE65,M,2012;16949.0 e;379.0 ;369.7 ;333.4 ;169.6 ;3433.5 ;36.3 ;472.6 ;1666.7 ;1863.2 ;1958.3 ;28.9 ;70.4 ;123.8 ;10.8 ;395.2 ;12.3 ;417.3 ;226.0 ;1067.2 ;357.1 ;798.1 ;66.6 ;136.9 ;213.6 ;322.7 ;2019.8 ;17064.3 e;8.5 ;106.8 
THS,PB2410,Y_GE65,T,2012;40250.5 e;732.0 ;935.8 ;802.7 ;352.1 ;8065.7 ;145.8 ;1052.9 ;4236.7 ;4023.2 ;4537.4 ;62.9 ;255.1 ;407.9 ;26.3 ;1112.6 ;29.7 ;863.4 ;536.7 ;3315.5 ;837.2 ;1863.2 ;185.8 ;475.8 ;486.0 ;656.0 ;4252.1 ;40538.1 e;17.9 ;269.7 
THS,PB2420,Y15-44,F,2012;6587.6 e;298.6 ;82.3 ;33.7 u;105.9 ;1095.5 ;24.0 ;67.0 ;983.5 ;963.3 ;270.0 ;7.9 u;48.2 ;77.5 ;11.6 ;96.6 ;3.1 u;253.3 ;111.0 ;463.4 ;147.7 ;99.0 ;28.7 ;111.0 ;56.4 ;202.3 ;946.1 ;6704.2 e;9.8 ;106.8 
THS,PB2420,Y15-44,M,2012;4643.3 e;152.4 ;77.0 ;24.8 u;63.4 ;754.1 ;17.4 ;34.1 ;767.8 ;580.9 ;274.9 ;4.0 u;37.6 ;53.3 ;3.9 ;81.4 ;1.8 u;153.0 ;51.0 ;304.4 ;88.1 ;95.3 ;26.6 ;119.3 ;36.1 ;116.3 ;724.5 ;4705.8 e;6.5 ;56.0 
THS,PB2420,Y15-44,T,2012;11230.9 e;451.0 ;159.3 ;58.6 u;169.3 ;1849.5 ;41.3 ;101.1 ;1751.3 ;1544.2 ;544.9 ;12.0 u;85.8 ;130.7 ;15.5 ;178.0 ;4.8 u;406.4 ;162.0 ;767.8 ;235.8 ;194.3 ;55.3 ;230.3 ;92.5 ;318.6 ;1670.6 ;11410.0 e;16.3 ;162.8 
THS,PB2420,Y45-64,F,2012;8572.1 e;284.7 ;217.3 ;57.0 ;82.0 ;1082.6 ;40.0 ;97.3 ;1099.3 ;1159.7 ;408.2 ;17.1 ;70.1 ;117.9 ;7.1 ;182.6 ;5.4 ;258.2 ;92.4 ;956.3 ;305.8 ;408.3 ;47.0 ;250.5 ;74.0 ;168.3 ;1083.0 ;8657.8 e;8.3 ;77.4 
THS,PB2420,Y45-64,M,2012;6712.9 e;175.9 ;164.7 ;60.5 ;65.0 ;771.0 ;25.9 ;67.4 ;909.0 ;1015.4 ;426.0 ;13.4 ;44.6 ;66.9 ;4.6 ;131.7 ;3.3 ;133.4 ;62.9 ;765.2 ;212.3 ;413.8 ;28.6 ;134.6 ;50.7 ;84.4 ;881.5 ;6777.7 e;3.7 ;61.1 
THS,PB2420,Y45-64,T,2012;15285.1 e;460.6 ;382.0 ;117.5 ;146.9 ;1853.6 ;65.9 ;164.7 ;2008.3 ;2175.2 ;834.2 ;30.5 ;114.7 ;184.8 ;11.7 ;314.3 ;8.7 ;391.6 ;155.3 ;1721.6 ;518.2 ;822.1 ;75.6 ;385.1 ;124.7 ;252.8 ;1964.5 ;15435.5 e;12.0 ;138.5 
THS,PB2420,Y_GE15,F,2012;23948.2 e;755.0 ;512.6 ;175.2 ;261.2 ;3614.6 ;117.1 ;291.2 ;3313.6 ;3146.1 ;1449.0 ;36.5 ;198.6 ;337.4 ;25.8 ;498.1 ;12.5 ;643.6 ;270.3 ;2435.8 ;648.1 ;942.2 ;118.2 ;518.4 ;201.3 ;522.5 ;2903.4 ;24216.7 e;22.6 ;246.0 
THS,PB2420,Y_GE15,M,2012;16274.7 e;481.9 ;374.7 ;162.1 ;172.1 ;2130.7 ;55.2 ;199.3 ;2326.5 ;2158.3 ;1214.3 ;26.1 ;109.8 ;168.0 ;11.9 ;297.9 ;8.1 ;381.7 ;157.9 ;1517.8 ;440.5 ;871.4 ;79.7 ;302.6 ;124.1 ;288.8 ;2213.3 ;16435.3 e;12.1 ;148.5 
THS,PB2420,Y_GE15,T,2012;40222.9 e;1236.9 ;887.3 ;337.3 ;433.3 ;5745.3 ;172.4 ;490.5 ;5640.1 ;5304.4 ;2663.3 ;62.5 ;308.4 ;505.5 ;37.7 ;796.0 ;20.6 ;1025.3 ;428.2 ;3953.6 ;1088.6 ;1813.6 ;197.9 ;821.0 ;325.4 ;811.3 ;5116.7 ;40652.1 e;34.6 ;394.5 
THS,PB2420,Y_GE65,F,2012;8788.5 e;171.7 ;213.0 ;84.5 ;73.3 ;1436.4 ;53.2 ;126.9 ;1230.8 ;1023.1 ;770.7 ;11.4 ;80.3 ;142.1 ;7.1 ;218.9 ;3.9 ;132.0 ;66.9 ;1016.0 ;194.6 ;434.9 ;42.5 ;156.9 ;70.9 ;151.9 ;874.4 ;8854.7 e;4.4 ;61.8 
THS,PB2420,Y_GE65,M,2012;4918.5 e;153.6 ;132.9 ;76.8 ;43.7 ;605.7 ;11.9 ;97.8 ;649.7 ;561.9 ;513.4 ;8.6 ;27.5 ;47.9 ;3.4 ;84.8 ;3.1 ;95.3 ;44.0 ;448.2 ;140.1 ;362.3 ;24.5 ;48.7 ;37.3 ;88.1 ;607.3 ;4951.9 e;1.9 ;31.4 
THS,PB2420,Y_GE65,T,2012;13707.0 e;325.3 ;346.0 ;161.3 ;117.0 ;2042.1 ;65.1 ;224.7 ;1880.5 ;1585.0 ;1284.2 ;20.0 ;107.9 ;190.0 ;10.5 ;303.7 ;7.0 ;227.3 ;110.9 ;1464.2 ;334.6 ;797.2 ;67.0 ;205.6 ;108.2 ;240.0 ;1481.6 ;13806.5 e;6.4 ;93.2 
THS,PB2430,Y15-44,F,2012;1115.5 e;20.9 u;8.5 u;23.9 u;16.8 u;226.7 ;: u;14.6 u;135.3 ;110.8 ;65.9 u;: u;3.3 ;3.7 u;: u;25.7 u;1.4 u;48.5 u;: u;99.7 ;30.8 u;26.1 u;6.7 u;8.2 u;13.2 u;18.5 u;188.8 ;1124.7 e;1.5 u;: u
THS,PB2430,Y15-44,M,2012;1368.6 e;29.9 u;18.7 u;25.5 u;17.2 u;334.6 ;: u;6.9 u;120.9 ;164.3 ;77.5 u;: u;3.2 ;3.9 u;: u;20.7 u;1.1 u;66.0 u;: u;88.8 ;8.5 u;28.5 u;3.3 u;11.9 u;12.8 u;35.2 u;265.2 ;1381.3 e;1.1 u;: u
THS,PB2430,Y15-44,T,2012;2484.1 e;50.9 u;27.2 u;49.4 u;34.0 u;561.4 ;: u;21.5 u;256.2 ;275.2 ;143.4 u;: u;6.5 ;7.6 u;: u;46.3 u;2.5 u;114.5 u;: u;188.5 ;39.4 u;54.6 u;10.1 u;20.1 u;26.1 u;53.7 u;454.0 ;2505.9 e;2.6 u;: u
THS,PB2430,Y45-64,F,2012;4514.6 e;92.8 ;87.2 ;121.6 ;41.1 ;876.1 ;14.8 ;98.6 ;379.7 ;562.5 ;354.1 ;10.9 ;19.7 ;23.9 ;2.4 ;133.9 ;4.7 ;128.6 ;31.2 ;401.9 ;149.4 ;205.6 ;21.6 ;89.3 ;63.0 ;49.3 ;550.8 ;4538.1 e;2.1 ;21.4 
THS,PB2430,Y45-64,M,2012;5129.2 e;84.0 ;91.0 ;109.4 ;51.4 ;1068.1 ;11.8 ;91.7 ;554.5 ;717.6 ;302.1 ;14.4 ;10.9 ;21.8 ;3.6 ;141.6 ;5.7 ;156.3 ;79.7 ;389.6 ;152.3 ;151.7 ;25.5 ;86.5 ;75.0 ;41.9 ;691.0 ;5174.8 e;3.1 ;42.5 
THS,PB2430,Y45-64,T,2012;9643.8 e;176.8 ;178.3 ;230.9 ;92.5 ;1944.2 ;26.6 ;190.4 ;934.2 ;1280.2 ;656.2 ;25.2 ;30.6 ;45.8 ;6.0 ;275.4 ;10.3 ;284.9 ;110.8 ;791.5 ;301.7 ;357.3 ;47.1 ;175.7 ;138.0 ;91.1 ;1241.8 ;9712.9 e;5.3 ;63.9 
THS,PB2430,Y_GE15,F,2012;13886.7 e;236.4 ;220.6 ;441.0 ;107.7 ;2846.0 ;42.5 ;353.3 ;1349.2 ;1282.0 ;1787.0 ;25.8 ;56.5 ;74.5 ;7.5 ;355.4 ;14.5 ;337.1 ;118.7 ;1286.1 ;368.0 ;466.1 ;67.2 ;199.0 ;146.3 ;178.2 ;1520.2 ;13960.4 e;5.5 ;68.2 
THS,PB2430,Y_GE15,M,2012;13471.8 e;255.3 ;188.6 ;342.1 ;128.9 ;2934.3 ;21.1 ;279.0 ;1386.9 ;1663.9 ;1385.0 ;28.6 ;29.6 ;47.0 ;10.0 ;275.8 ;14.8 ;406.9 ;170.3 ;792.0 ;350.8 ;359.6 ;50.4 ;143.2 ;171.5 ;181.8 ;1854.5 ;13567.2 e;6.1 ;89.2 
THS,PB2430,Y_GE15,T,2012;27358.5 e;491.7 ;409.2 ;783.0 ;236.6 ;5780.2 ;63.6 ;632.3 ;2736.1 ;2945.9 ;3172.0 ;54.4 ;86.1 ;121.5 ;17.5 ;631.1 ;29.3 ;744.0 ;289.1 ;2078.1 ;718.8 ;825.7 ;117.6 ;342.2 ;317.8 ;360.0 ;3374.8 ;27527.6 e;11.6 ;157.4 
THS,PB2430,Y_GE65,F,2012;8256.7 e;122.7 ;124.9 ;295.5 ;49.8 ;1743.1 ;25.6 ;240.1 ;834.2 ;608.6 ;1367.0 ;13.6 ;33.6 ;46.8 ;4.0 ;195.8 ;8.4 ;160.0 ;74.8 ;784.5 ;187.7 ;234.4 ;38.9 ;101.6 ;70.0 ;110.5 ;780.6 ;8297.7 e;1.8 u;39.2 
THS,PB2430,Y_GE65,M,2012;6974.0 e;141.4 ;78.8 ;207.2 ;60.3 ;1531.5 ;8.2 ;180.4 ;711.5 ;782.0 ;1005.3 ;12.0 ;15.5 ;21.3 ;4.3 ;113.5 ;8.1 ;184.5 ;72.3 ;313.6 ;190.0 ;179.4 ;21.6 ;44.8 ;83.7 ;104.7 ;898.3 ;7011.1 e;1.9 u;35.2 
THS,PB2430,Y_GE65,T,2012;15230.7 e;264.1 ;203.8 ;502.7 ;110.2 ;3274.6 ;33.8 ;420.4 ;1545.7 ;1390.5 ;2372.4 ;25.5 ;49.1 ;68.1 ;8.2 ;309.3 ;16.5 ;344.6 ;147.1 ;1098.1 ;377.7 ;413.8 ;60.5 ;146.3 ;153.7 ;215.2 ;1678.9 ;15308.8 e;3.7 u;74.4 
THS,PB2440,Y15-44,F,2012;16337.3 e;491.9 ;77.4 ;191.3 ;275.3 ;3688.2 ;59.7 ;98.5 ;2156.2 ;2514.3 ;752.7 ;13.1 ;46.1 ;81.9 ;23.6 ;278.5 ;8.9 ;712.4 ;297.5 ;728.6 ;338.8 ;35.9 u;45.6 ;172.3 ;347.7 ;450.8 ;2450.0 ;16617.1 e;17.2 ;262.7 
THS,PB2440,Y15-44,M,2012;13939.1 e;396.9 ;68.0 ;176.0 ;261.2 ;2937.7 ;46.5 ;62.2 ;2045.9 ;1880.6 ;790.3 ;4.8 ;30.9 ;55.7 ;21.7 ;224.8 ;7.8 ;563.9 ;252.0 ;695.5 ;250.6 ;44.0 u;43.2 ;258.9 ;307.6 ;487.8 ;2024.6 ;14236.9 e;17.4 ;280.3 
THS,PB2440,Y15-44,T,2012;30276.4 e;888.8 ;145.4 ;367.4 ;536.5 ;6625.9 ;106.2 ;160.7 ;4202.1 ;4394.9 ;1543.0 ;17.9 ;77.0 ;137.7 ;45.4 ;503.3 ;16.6 ;1276.3 ;549.5 ;1424.1 ;589.4 ;79.8 u;88.8 ;431.2 ;655.3 ;938.5 ;4474.6 ;30854.0 e;34.6 ;542.9 
THS,PB2440,Y45-64,F,2012;11714.6 e;341.9 ;108.6 ;94.5 ;196.6 ;2768.6 ;35.9 ;100.0 ;1325.0 ;1752.5 ;493.5 ;18.1 ;40.1 ;56.9 ;14.2 ;201.6 ;7.5 ;378.6 ;197.0 ;566.0 ;257.0 ;109.5 ;34.2 ;219.2 ;218.3 ;301.7 ;1877.7 ;11870.7 e;11.3 ;144.9 
THS,PB2440,Y45-64,M,2012;7265.4 e;144.4 ;72.0 ;56.6 ;146.5 ;1704.3 ;16.1 ;36.9 ;926.1 ;1026.3 ;376.0 ;11.2 ;15.1 ;25.4 ;9.9 ;135.5 ;4.0 ;229.9 ;95.5 ;327.5 ;148.3 ;71.6 ;21.7 ;127.8 ;175.5 ;205.5 ;1155.8 ;7381.9 e;5.8 ;110.7 
THS,PB2440,Y45-64,T,2012;18980.0 e;486.3 ;180.6 ;151.0 ;343.0 ;4472.9 ;51.9 ;137.0 ;2251.1 ;2778.8 ;869.5 ;29.3 ;55.2 ;82.3 ;24.1 ;337.1 ;11.5 ;608.5 ;292.5 ;893.5 ;405.3 ;181.1 ;55.9 ;347.0 ;393.8 ;507.3 ;3033.5 ;19252.7 e;17.1 ;255.6 
THS,PB2440,Y_GE15,F,2012;35722.0 e;993.4 ;318.0 ;323.0 ;585.5 ;8373.4 ;122.7 ;297.1 ;4396.4 ;5506.6 ;1583.5 ;39.5 ;126.6 ;208.1 ;45.3 ;621.2 ;20.0 ;1283.4 ;600.9 ;1713.6 ;749.6 ;260.4 ;101.6 ;502.0 ;681.6 ;946.1 ;5322.7 ;36249.0 e;32.7 ;494.3 
THS,PB2440,Y_GE15,M,2012;24710.3 e;641.1 ;187.5 ;265.5 ;464.8 ;5312.7 ;68.2 ;129.1 ;3393.2 ;3544.2 ;1368.1 ;20.4 ;55.9 ;106.5 ;34.3 ;418.7 ;13.4 ;887.6 ;405.0 ;1204.7 ;492.0 ;178.1 ;76.2 ;410.6 ;538.1 ;799.3 ;3695.3 ;25164.9 e;25.5 ;429.1 
THS,PB2440,Y_GE15,T,2012;60432.3 e;1634.5 ;505.5 ;588.5 ;1050.2 ;13686.2 ;190.9 ;426.2 ;7789.7 ;9050.8 ;2951.6 ;59.9 ;182.5 ;314.5 ;79.6 ;1039.8 ;33.4 ;2171.1 ;1005.9 ;2918.3 ;1241.6 ;438.5 ;177.8 ;912.5 ;1219.6 ;1745.4 ;9018.0 ;61414.0 e;58.3 ;923.4 
THS,PB2440,Y_GE65,F,2012;7670.1 e;159.6 ;132.0 ;37.2 ;113.6 ;1916.6 ;27.1 ;98.5 ;915.2 ;1239.7 ;337.2 ;8.3 ;40.4 ;69.2 ;7.4 ;141.1 ;3.7 ;192.4 ;106.4 ;418.9 ;153.7 ;115.0 ;21.8 ;110.5 ;115.6 ;193.6 ;995.1 ;7761.2 e;4.3 ;86.7 
THS,PB2440,Y_GE65,M,2012;3505.7 e;99.7 ;47.6 ;32.9 ;57.1 ;670.7 ;5.6 ;30.0 ;421.3 ;637.4 ;201.9 ;4.3 ;9.9 ;25.3 ;2.7 ;58.3 ;1.6 ;93.8 ;57.5 ;181.7 ;93.1 ;62.5 ;11.2 ;23.8 ;55.0 ;106.1 ;514.9 ;3546.1 e;2.3 ;38.1 
THS,PB2440,Y_GE65,T,2012;11175.8 e;259.4 ;179.6 ;70.1 ;170.7 ;2587.3 ;32.8 ;128.5 ;1336.5 ;1877.1 ;539.1 ;12.7 ;50.3 ;94.5 ;10.2 ;199.4 ;5.2 ;286.3 ;163.8 ;600.7 ;246.8 ;177.5 ;33.1 ;134.3 ;170.5 ;299.6 ;1510.0 ;11307.3 e;6.6 ;124.9 
THS,PB2510,Y15-44,F,2012;793.9 e;21.5 u;9.4 u;: u;: u;160.5 u;: u;: u;62.8 u;130.8 ;: u;: u;3.0 ;6.7 u;: u;: u;: u;46.4 u;: u;82.1 ;14.8 u;21.5 u;: u;9.2 u;: u;: u;128.4 ;803.7 e;1.5 u;: u
THS,PB2510,Y15-44,M,2012;763.2 e;20.6 u;14.1 u;: u;: u;174.1 u;: u;0;42.5 u;71.2 ;: u;: u;4.0 ;7.3 u;: u;: u;: u;28.4 u;: u;103.7 ;15.7 u;26.4 u;: u;15.7 u;: u;: u;141.1 ;770.3 e;0.8 u;: u
THS,PB2510,Y15-44,T,2012;1557.1 e;42.1 u;23.4 u;: u;: u;334.6 u;: u;: u;105.3 u;201.9 ;: u;: u;7.1 ;14.0 u;: u;: u;: u;74.8 u;: u;185.8 ;30.5 u;47.9 u;: u;24.9 u;: u;: u;269.5 ;1573.9 e;2.2 u;: u
THS,PB2510,Y45-64,F,2012;565.3 e;16.9 u;: u;: u;6.4 u;79.0 ;: u;: u;48.5 u;93.8 ;: u;: u;2.1 ;3.0 u;: u;12.1 u;: u;24.7 u;: u;55.9 u;17.5 u;18.2 u;: u;6.8 u;: u;: u;98.4 ;569.5 e;1.3 u;: u
THS,PB2510,Y45-64,M,2012;582.5 e;18.7 u;: u;: u;9.9 u;108.5 ;: u;: u;28.5 u;104.6 ;0;: u;6.1 ;9.3 u;: u;13.2 u;: u;27.0 u;: u;80.8 u;13.5 u;21.3 u;: u;17.1 u;: u;: u;82.2 ;586.6 e;0.9 u;: u
THS,PB2510,Y45-64,T,2012;1147.9 e;35.6 u;: u;: u;16.4 u;187.4 ;: u;: u;77.0 u;198.5 ;: u;: u;8.3 ;12.3 u;: u;25.3 u;: u;51.7 u;: u;136.8 u;31.1 u;39.5 u;: u;23.8 u;: u;: u;180.6 ;1156.2 e;2.2 u;: u
THS,PB2510,Y_GE15,F,2012;1666.9 e;48.0 ;25.4 ;15.2 u;20.3 u;292.5 ;4.5 u;: u;148.5 ;258.9 ;57.3 u;3.0 u;8.5 ;15.9 ;1.4 u;30.3 ;0.7 u;75.9 ;40.0 u;173.4 ;41.0 ;50.1 ;8.2 u;18.2 ;24.7 u;28.2 u;257.8 ;1684.8 e;3.2 ;14.7 u
THS,PB2510,Y_GE15,M,2012;1585.2 e;47.3 ;27.7 ;16.2 u;19.3 u;304.8 ;5.6 u;: u;87.7 ;206.9 ;53.1 u;2.3 u;12.5 ;20.9 ;1.1 u;24.9 ;1.1 u;65.8 ;16.5 u;223.7 ;35.5 ;57.5 ;5.3 u;35.6 ;18.8 u;34.4 u;256.6 ;1597.4 e;1.7 ;10.6 u
THS,PB2510,Y_GE15,T,2012;3252.1 e;95.4 ;53.2 ;31.4 u;39.5 u;597.3 ;10.1 u;: u;236.2 ;465.8 ;110.4 u;5.3 u;21.0 ;36.8 ;2.5 u;55.2 ;1.8 u;141.8 ;56.5 u;397.2 ;76.5 ;107.7 ;13.6 u;53.7 ;43.5 u;62.6 u;514.4 ;3282.2 e;4.8 ;25.3 u
THS,PB2510,Y_GE65,F,2012;307.7 e;: u;: u;: u;: u;: u;: u;: u;37.2 u;34.3 u;: u;: u;: u;6.2 u;: u;: u;: u;: u;: u;35.4 u;8.7 u;10.4 u;: u;: u;: u;: u;30.9 u;311.6 e;: u;: u
THS,PB2510,Y_GE65,M,2012;239.4 e;: u;: u;0;: u;: u;: u;0;16.7 u;31.1 u;: u;: u;: u;4.2 u;0;: u;0;: u;: u;39.2 u;6.2 u;9.9 u;: u;: u;: u;: u;33.3 u;240.5 e;0;: u
THS,PB2510,Y_GE65,T,2012;547.2 e;: u;: u;: u;: u;: u;: u;: u;54.0 u;65.4 u;: u;: u;: u;10.5 u;: u;: u;: u;: u;: u;74.6 u;14.9 u;20.3 u;: u;: u;: u;: u;64.2 u;552.1 e;: u;: u
THS,PB2620,Y15-44,F,2012;4229.1 e;124.7 ;30.6 ;: u;60.6 ;619.3 ;12.7 ;55.6 ;479.6 ;1210.4 ;145.3 ;12.6 ;12.0 ;47.1 ;4.1 u;47.3 ;2.5 u;91.4 ;36.5 u;166.4 ;114.7 ;32.6 u;: u;25.5 ;32.3 u;74.6 ;768.7 ;4285.3 e;10.7 ;45.5 
THS,PB2620,Y15-44,M,2012;2445.5 e;91.0 ;24.0 ;0;38.5 ;228.1 ;5.7 ;42.6 ;230.3 ;633.9 ;106.1 ;6.7 ;7.5 ;24.1 ;2.0 u;32.0 ;1.1 u;62.5 ;32.7 u;122.2 ;39.5 ;35.2 u;: u;32.2 ;10.7 u;43.7 ;589.6 ;2480.5 e;8.2 ;26.8 
THS,PB2620,Y15-44,T,2012;6674.6 e;215.7 ;54.7 ;: u;99.2 ;847.4 ;18.4 ;98.1 ;709.9 ;1844.3 ;251.4 ;19.3 ;19.4 ;71.2 ;6.2 u;79.4 ;3.7 u;153.9 ;69.2 u;288.6 ;154.2 ;67.8 u;: u;57.7 ;43.0 u;118.3 ;1358.2 ;6765.8 e;18.9 ;72.2 
THS,PB2620,Y45-64,F,2012;5839.3 e;142.7 ;76.9 ;: u;42.1 ;554.7 ;21.0 ;133.0 ;837.9 ;1659.4 ;241.1 ;25.2 ;19.6 ;86.8 ;5.1 ;160.4 ;6.4 ;71.9 ;56.9 ;413.4 ;264.0 ;34.5 u;11.9 u;123.7 ;25.4 u;31.9 u;788.0 ;5873.8 e;7.1 ;27.3 
THS,PB2620,Y45-64,M,2012;2977.1 e;70.9 ;38.4 ;: u;25.3 ;455.7 ;8.2 ;61.6 ;313.5 ;841.2 ;103.9 ;15.1 ;9.0 ;39.7 ;1.5 ;74.3 ;2.7 ;65.4 ;16.8 ;197.5 ;101.2 ;16.3 u;6.3 u;42.9 ;21.7 u;20.8 u;423.2 ;2994.7 e;3.4 ;14.2 
THS,PB2620,Y45-64,T,2012;8816.4 e;213.6 ;115.3 ;: u;67.5 ;1010.5 ;29.1 ;194.6 ;1151.4 ;2500.5 ;345.0 ;40.2 ;28.6 ;126.6 ;6.6 ;234.7 ;9.1 ;137.3 ;73.7 ;610.9 ;365.2 ;50.7 u;18.3 u;166.6 ;47.2 u;52.6 u;1211.2 ;8868.4 e;10.5 ;41.5 
THS,PB2620,Y_GE15,F,2012;14671.0 e;375.4 ;186.1 ;39.3 u;119.7 ;1777.8 ;56.9 ;290.5 ;1985.1 ;4058.7 ;700.5 ;48.2 ;53.0 ;235.6 ;12.9 ;336.3 ;12.4 ;222.1 ;142.0 ;962.5 ;535.8 ;111.5 ;30.9 ;224.8 ;78.5 ;132.6 ;1941.7 ;14773.2 e;21.4 ;80.7 
THS,PB2620,Y_GE15,M,2012;6960.8 e;206.2 ;91.9 ;6.0 u;70.7 ;869.6 ;15.8 ;134.3 ;723.5 ;1936.0 ;321.6 ;27.5 ;20.1 ;88.8 ;4.1 ;140.9 ;5.7 ;154.6 ;57.2 ;400.7 ;187.9 ;67.5 ;14.0 ;82.9 ;44.8 ;73.5 ;1215.0 ;7021.2 e;12.9 ;47.5 
THS,PB2620,Y_GE15,T,2012;21631.7 e;581.6 ;278.0 ;45.3 u;190.4 ;2647.4 ;72.7 ;424.8 ;2708.7 ;5994.7 ;1022.2 ;75.6 ;73.2 ;324.4 ;17.0 ;477.2 ;18.1 ;376.7 ;199.1 ;1363.2 ;723.7 ;179.0 ;44.9 ;307.7 ;123.3 ;206.1 ;3156.7 ;21794.3 e;34.4 ;128.2 
THS,PB2620,Y_GE65,F,2012;4602.6 e;108.0 ;78.6 ;: u;16.9 u;603.8 ;23.2 ;101.9 ;667.7 ;1189.0 ;314.1 ;10.4 ;21.5 ;101.6 ;3.7 u;128.6 ;3.5 ;58.8 u;48.5 ;382.8 ;157.0 ;44.5 ;13.9 u;75.6 ;20.7 u;26.1 u;385.0 ;4614.1 e;3.6 ;: u
THS,PB2620,Y_GE65,M,2012;1538.2 e;44.3 ;29.4 ;: u;6.9 u;185.8 ;1.9 ;30.2 ;179.7 ;460.9 ;111.6 ;5.7 ;3.6 ;25.0 ;0.5 u;34.6 ;1.8 ;26.7 u;7.7 ;81.0 ;47.3 ;16.0 ;3.9 u;7.8 ;12.4 u;9.0 u;202.2 ;1546.0 e;1.4 ;: u
THS,PB2620,Y_GE65,T,2012;6140.7 e;152.3 ;108.1 ;: u;23.8 u;789.6 ;25.1 ;132.1 ;847.4 ;1649.9 ;425.8 ;16.1 ;25.1 ;126.6 ;4.2 u;163.2 ;5.3 ;85.5 u;56.2 ;463.7 ;204.3 ;60.5 ;17.8 u;83.4 ;33.1 u;35.1 u;587.2 ;6160.1 e;4.9 ;: u
THS,PB2630,Y15-44,F,2012;3469.0 e;102.6 ;25.6 u;: u;35.3 ;904.8 ;10.1 ;16.8 u;289.7 ;461.1 ;84.7 u;: u;10.9 ;28.9 ;2.7 u;37.0 ;1.4 u;121.1 ;34.8 u;144.8 ;82.4 ;27.0 u;8.4 u;23.3 ;45.5 ;95.5 ;859.9 ;3527.4 e;8.7 ;49.7 
THS,PB2630,Y15-44,M,2012;2410.4 e;75.0 ;23.5 u;: u;26.3 ;492.6 ;5.9 ;19.3 u;154.5 ;243.8 ;98.1 u;: u;11.3 ;17.0 ;1.5 u;33.4 ;0.8 u;60.5 ;36.4 u;150.5 ;42.7 ;47.4 u;4.2 u;31.7 ;30.3 ;47.8 ;753.2 ;2435.7 e;5.7 ;19.6 
THS,PB2630,Y15-44,T,2012;5879.4 e;177.6 ;49.1 u;: u;61.6 ;1397.4 ;16.0 ;36.1 u;444.2 ;704.9 ;182.9 u;: u;22.2 ;45.8 ;4.2 u;70.4 ;2.2 u;181.6 ;71.2 u;295.3 ;125.1 ;74.4 u;12.6 u;55.1 ;75.7 ;143.2 ;1613.0 ;5963.1 e;14.5 ;69.3 
THS,PB2630,Y45-64,F,2012;4607.6 e;129.9 ;50.0 ;: u;48.9 ;699.0 ;18.8 ;50.6 ;599.8 ;806.9 ;134.8 u;8.2 ;16.7 ;60.0 ;3.8 ;138.4 ;4.7 ;98.6 ;75.4 ;413.3 ;179.5 ;49.8 u;10.8 u;112.3 ;49.7 ;41.1 ;784.8 ;4640.8 e;5.2 ;27.9 
THS,PB2630,Y45-64,M,2012;2568.8 e;62.3 ;27.1 ;: u;31.4 ;560.5 ;10.3 ;25.1 ;245.5 ;350.9 ;72.2 u;5.6 ;9.5 ;25.2 ;2.5 ;63.1 ;1.9 ;74.4 ;36.4 ;218.2 ;89.1 ;26.4 u;8.9 u;42.1 ;37.5 ;27.9 ;506.4 ;2586.6 e;2.3 ;15.5 
THS,PB2630,Y45-64,T,2012;7176.4 e;192.2 ;77.1 ;: u;80.3 ;1259.5 ;29.0 ;75.7 ;845.3 ;1157.8 ;207.1 u;13.8 ;26.2 ;85.1 ;6.3 ;201.5 ;6.6 ;173.0 ;111.8 ;631.5 ;268.6 ;76.2 u;19.7 u;154.4 ;87.1 ;69.0 ;1291.2 ;7227.4 e;7.5 ;43.4 
THS,PB2630,Y_GE15,F,2012;11592.6 e;300.8 ;124.6 ;64.1 ;106.2 ;2185.4 ;44.6 ;125.0 ;1683.0 ;1667.2 ;513.8 ;14.7 ;38.1 ;146.0 ;9.7 ;259.1 ;8.9 ;263.0 ;168.6 ;888.4 ;417.9 ;100.9 ;31.5 ;185.5 ;121.7 ;163.1 ;1960.9 ;11694.6 e;15.9 ;86.1 
THS,PB2630,Y_GE15,M,2012;6159.8 e;160.2 ;72.4 ;10.5 ;65.9 ;1179.9 ;19.5 ;71.4 ;604.0 ;749.9 ;280.6 ;10.3 ;25.0 ;54.3 ;4.3 ;131.6 ;4.1 ;157.3 ;84.6 ;462.4 ;172.8 ;99.4 ;17.8 ;84.8 ;80.9 ;89.6 ;1466.4 ;6215.6 e;9.0 ;46.9 
THS,PB2630,Y_GE15,T,2012;17752.3 e;461.0 ;197.0 ;74.5 ;172.1 ;3365.3 ;64.0 ;196.3 ;2287.0 ;2417.1 ;794.4 ;25.0 ;63.0 ;200.2 ;14.0 ;390.7 ;13.0 ;420.3 ;253.2 ;1350.7 ;590.7 ;200.3 ;49.3 ;270.3 ;202.6 ;252.7 ;3427.3 ;17910.2 e;24.8 ;133.1 
THS,PB2630,Y_GE65,F,2012;3515.9 e;68.2 ;48.9 ;29.8 u;22.0 u;581.6 ;15.7 ;57.6 ;793.6 ;399.1 ;294.2 ;4.2 ;10.4 u;57.1 ;3.2 u;83.6 ;2.8 ;43.4 u;58.4 ;330.3 ;156.0 ;24.2 ;12.3 u;49.9 ;26.6 u;26.5 u;316.3 ;3526.4 e;1.9 u;: u
THS,PB2630,Y_GE65,M,2012;1180.6 e;23.0 ;21.8 ;1.5 u;8.3 u;126.7 ;3.3 ;27.0 ;204.0 ;155.3 ;110.2 ;2.5 ;4.2 u;12.1 ;0.3 u;35.1 ;1.4 ;22.3 u;11.8 ;93.6 ;40.9 ;25.6 ;4.6 u;10.9 ;13.1 u;14.0 u;206.9 ;1193.3 e;0.9 u;: u
THS,PB2630,Y_GE65,T,2012;4696.5 e;91.2 ;70.7 ;31.3 u;30.2 u;708.4 ;19.0 ;84.5 ;997.6 ;554.4 ;404.5 ;6.7 ;14.6 u;69.3 ;3.6 u;118.8 ;4.2 ;65.7 u;70.2 ;423.9 ;196.9 ;49.8 ;16.9 u;60.9 ;39.7 u;40.5 u;523.1 ;4719.7 e;2.8 u;: u
THS,PB2640,Y15-44,F,2012;3444.9 e;113.3 ;: u;: u;69.7 ;750.4 ;2.9 u;: u;226.5 ;626.3 ;: u;: u;5.8 ;14.7 ;4.7 u;26.5 ;1.1 u;179.9 ;72.6 ;149.2 ;20.3 u;25.8 u;: u;15.3 ;42.7 ;110.9 ;895.1 ;3551.5 e;11.4 ;95.2 
THS,PB2640,Y15-44,M,2012;5082.9 e;167.7 ;: u;: u;69.0 ;1273.3 ;3.0 u;: u;224.8 ;771.0 ;: u;: u;7.2 ;12.5 ;4.2 u;42.3 ;1.9 u;211.7 ;57.1 ;262.2 ;30.3 u;53.3 u;: u;33.9 ;41.2 ;127.7 ;1604.3 ;5233.4 e;14.6 ;136.0 
THS,PB2640,Y15-44,T,2012;8527.8 e;281.0 ;: u;: u;138.7 ;2023.7 ;5.8 u;: u;451.3 ;1397.3 ;: u;: u;13.0 ;27.2 ;8.8 u;68.8 ;2.9 u;391.6 ;129.7 ;411.4 ;50.6 u;79.1 u;: u;49.2 ;83.9 ;238.5 ;2499.4 ;8784.9 e;25.9 ;231.2 
THS,PB2640,Y45-64,F,2012;2206.6 e;70.2 ;10.7 u;: u;34.5 ;498.3 ;4.7 u;: u;271.7 ;379.5 ;: u;: u;6.4 ;13.3 ;3.2 ;35.0 ;1.8 ;74.5 ;20.4 ;179.2 ;69.9 ;44.9 u;3.7 u;22.7 u;15.7 u;26.8 u;382.2 ;2233.4 e;4.6 ;22.2 
THS,PB2640,Y45-64,M,2012;2415.5 e;38.6 ;15.7 u;: u;40.1 ;496.3 ;5.2 u;: u;172.5 ;451.3 ;: u;: u;5.2 ;12.1 ;3.4 ;24.6 ;3.1 ;80.0 ;27.7 ;194.6 ;46.5 ;34.7 u;5.8 u;15.8 u;22.1 u;37.2 u;635.3 ;2462.7 e;4.7 ;42.5 
THS,PB2640,Y45-64,T,2012;4622.2 e;108.8 ;26.3 u;: u;74.6 ;994.6 ;9.9 u;: u;444.2 ;830.8 ;: u;: u;11.6 ;25.4 ;6.5 ;59.6 ;4.9 ;154.5 ;48.1 ;373.9 ;116.4 ;79.6 u;9.6 u;38.5 u;37.8 u;64.0 u;1017.5 ;4696.0 e;9.2 ;64.7 
THS,PB2640,Y_GE15,F,2012;8183.0 e;264.5 ;56.4 ;17.3 u;116.7 ;1416.2 ;14.5 ;17.3 u;1263.1 ;1278.2 ;244.6 ;7.5 ;29.3 ;67.2 ;8.6 ;115.8 ;6.2 ;299.2 ;120.2 ;682.2 ;206.2 ;175.7 ;16.6 ;71.1 ;74.3 ;154.7 ;1459.0 ;8330.4 e;17.4 ;130.0 
THS,PB2640,Y_GE15,M,2012;9154.2 e;260.4 ;49.5 ;33.3 u;127.1 ;1994.6 ;10.7 ;9.3 u;744.6 ;1457.1 ;125.9 ;6.3 ;17.0 ;39.4 ;9.0 ;94.9 ;7.0 ;328.5 ;122.3 ;622.2 ;111.7 ;165.5 ;14.0 ;62.4 ;77.1 ;194.6 ;2469.8 ;9365.5 e;20.5 ;190.9 
THS,PB2640,Y_GE15,T,2012;17337.1 e;524.9 ;106.0 ;50.6 u;243.8 ;3410.8 ;25.2 ;26.6 u;2007.7 ;2735.4 ;370.5 ;13.8 ;46.3 ;106.6 ;17.6 ;210.7 ;13.3 ;627.7 ;242.5 ;1304.4 ;317.9 ;341.2 ;30.6 ;133.5 ;151.4 ;349.4 ;3928.8 ;17695.9 e;37.8 ;320.9 
THS,PB2640,Y_GE65,F,2012;2531.4 e;81.1 ;41.7 ;: u;12.6 u;167.5 ;6.9 u;: u;764.9 ;272.4 ;154.1 u;3.6 ;17.1 ;39.2 ;: u;54.4 ;3.4 ;44.8 u;27.3 ;353.8 ;116.0 ;105.0 ;8.4 u;33.2 ;15.9 u;17.1 u;181.7 ;2545.5 e;1.5 u;12.7 u
THS,PB2640,Y_GE65,M,2012;1655.8 e;54.0 ;15.5 ;: u;17.9 u;225.1 ;2.5 u;: u;347.4 ;234.9 ;55.2 u;2.1 ;4.6 ;14.8 ;: u;27.9 ;2.1 ;36.8 u;37.5 ;165.4 ;34.9 ;77.5 ;5.9 u;12.6 ;13.8 u;29.8 u;230.2 ;1669.4 e;1.2 u;12.4 u
THS,PB2640,Y_GE65,T,2012;4187.2 e;135.1 ;57.2 ;: u;30.5 u;392.6 ;9.5 u;: u;1112.3 ;507.3 ;209.3 u;5.7 ;21.8 ;54.0 ;: u;82.3 ;5.4 ;81.6 u;64.7 ;519.2 ;150.9 ;182.5 ;14.3 u;45.8 ;29.7 u;46.9 u;411.9 ;4214.9 e;2.7 u;25.1 u
THS,PB2690,Y15-44,F,2012;3953.5 e;133.0 ;14.1 u;: u;90.3 ;979.3 ;9.4 ;15.5 u;445.4 ;519.9 ;108.7 u;: u;12.5 ;19.0 ;3.8 u;45.5 ;1.0 u;241.2 ;65.8 ;226.7 ;66.3 ;49.0 u;8.1 u;18.4 ;45.2 ;105.4 ;716.8 ;4026.3 e;5.9 ;66.9 
THS,PB2690,Y15-44,M,2012;3375.8 e;142.1 ;18.5 u;: u;54.4 ;827.6 ;7.2 ;18.6 u;309.8 ;476.6 ;100.2 u;: u;11.2 ;14.1 ;3.6 u;45.2 ;1.8 u;181.1 ;48.8 ;245.1 ;47.8 ;56.4 u;7.3 u;27.9 ;36.4 ;59.0 ;629.5 ;3438.1 e;5.0 ;57.4 
THS,PB2690,Y15-44,T,2012;7329.3 e;275.1 ;32.6 u;: u;144.7 ;1806.9 ;16.6 ;34.2 u;755.2 ;996.5 ;208.9 u;: u;23.7 ;33.1 ;7.4 u;90.7 ;2.8 u;422.2 ;114.6 ;471.8 ;114.2 ;105.4 u;15.4 u;46.4 ;81.6 ;164.4 ;1346.3 ;7464.4 e;10.9 ;124.2 
THS,PB2690,Y45-64,F,2012;4108.5 e;151.4 ;16.7 u;19.6 u;57.6 ;1019.1 ;14.2 ;14.1 u;472.2 ;698.5 ;115.0 u;3.9 u;19.6 ;27.1 ;4.7 ;79.9 ;2.8 ;147.1 ;64.3 ;368.4 ;135.6 ;81.5 ;13.6 ;58.5 ;34.0 ;66.7 ;422.7 ;4147.0 e;4.0 ;34.6 
THS,PB2690,Y45-64,M,2012;2971.6 e;83.2 ;14.5 u;20.7 u;42.9 ;787.2 ;8.1 ;16.9 u;317.0 ;405.7 ;72.2 u;1.7 u;9.7 ;14.2 ;2.5 ;56.2 ;2.3 ;121.8 ;35.4 ;307.6 ;87.2 ;53.0 ;8.5 ;44.7 ;42.3 ;30.6 ;385.3 ;2997.2 e;1.6 ;23.9 
THS,PB2690,Y45-64,T,2012;7080.1 e;234.5 ;31.1 u;40.3 u;100.5 ;1806.3 ;22.3 ;31.0 u;789.2 ;1104.2 ;187.2 u;5.6 u;29.3 ;41.3 ;7.2 ;136.2 ;5.0 ;269.0 ;99.7 ;676.0 ;222.9 ;134.5 ;22.1 ;103.2 ;76.3 ;97.3 ;808.0 ;7144.2 e;5.6 ;58.5 
THS,PB2690,Y_GE15,F,2012;11517.7 e;426.9 ;43.5 ;49.1 ;166.3 ;2603.1 ;39.2 ;73.9 ;1580.0 ;1736.8 ;402.0 ;7.2 ;44.6 ;80.4 ;11.2 ;213.3 ;5.4 ;460.6 ;181.5 ;1078.1 ;319.7 ;225.0 ;35.2 ;109.8 ;96.7 ;208.2 ;1320.1 ;11639.1 e;11.3 ;110.1 
THS,PB2690,Y_GE15,M,2012;7997.0 e;336.7 ;48.7 ;26.7 ;113.1 ;1845.9 ;19.3 ;49.5 ;941.8 ;1177.9 ;264.0 ;6.5 ;25.7 ;38.5 ;7.0 ;128.2 ;5.1 ;360.1 ;95.7 ;718.9 ;199.4 ;151.0 ;20.9 ;82.3 ;88.0 ;102.9 ;1143.4 ;8090.9 e;7.1 ;86.8 
THS,PB2690,Y_GE15,T,2012;19514.7 e;763.6 ;92.2 ;75.7 ;279.4 ;4449.1 ;58.5 ;123.4 ;2521.8 ;2914.8 ;666.0 ;13.6 ;70.3 ;118.9 ;18.2 ;341.5 ;10.5 ;820.6 ;277.1 ;1797.0 ;519.0 ;376.0 ;56.1 ;192.1 ;184.7 ;311.1 ;2463.5 ;19730.0 e;18.4 ;196.9 
THS,PB2690,Y_GE65,F,2012;3455.8 e;142.4 ;12.8 u;: u;18.4 u;604.7 ;15.6 ;44.3 u;662.4 ;518.4 ;178.3 ;1.8 u;12.6 ;34.3 ;2.6 u;87.9 ;1.6 u;72.3 ;51.4 ;483.0 ;117.7 ;94.5 ;13.5 ;32.9 u;17.5 u;36.1 u;180.6 ;3465.8 e;1.4 u;8.6 u
THS,PB2690,Y_GE65,M,2012;1649.6 e;111.4 ;15.7 u;: u;15.7 u;231.1 ;4.0 ;14.0 u;315.0 ;295.6 ;91.6 ;1.2 u;4.8 ;10.2 ;1.0 u;26.8 ;1.0 u;57.2 ;11.4 ;166.1 ;64.3 ;41.6 ;5.1 ;9.6 u;9.3 u;13.3 u;128.6 ;1655.6 e;0.4 u;5.6 u
THS,PB2690,Y_GE65,T,2012;5105.3 e;253.9 ;28.5 u;: u;34.1 u;835.9 ;19.6 ;58.2 u;977.4 ;814.0 ;269.9 ;3.0 u;17.4 ;44.5 ;3.6 u;114.7 ;2.7 u;129.4 ;62.8 ;649.2 ;182.0 ;136.1 ;18.7 ;42.5 u;26.8 u;49.4 u;309.2 ;5121.4 e;1.8 u;14.2 u
THS,PB2710,Y15-44,F,2012;589.9 e;28.0 u;: u;: u;: u;145.7 ;: u;: u;76.0 ;58.1 u;: u;: u;1.9 u;5.2 u;: u;21.4 u;: u;46.4 u;: u;28.1 u;9.4 u;: u;: u;: u;: u;: u;104.9 u;600.6 e;1.1 u;: u
THS,PB2710,Y15-44,M,2012;500.8 e;11.0 u;: u;: u;: u;75.5 ;: u;: u;90.7 ;78.8 u;: u;0;1.9 u;4.3 u;: u;20.5 u;: u;29.9 u;: u;30.2 u;15.9 u;: u;: u;: u;0;: u;38.8 u;505.7 e;0.7 u;: u
THS,PB2710,Y15-44,T,2012;1090.6 e;39.0 u;: u;: u;: u;221.2 ;: u;: u;166.7 ;137.0 u;: u;: u;3.7 u;9.5 u;: u;41.9 u;: u;76.3 u;: u;58.3 u;25.3 u;: u;: u;: u;: u;: u;143.7 u;1106.2 e;1.8 u;: u
THS,PB2710,Y45-64,F,2012;933.1 e;28.7 u;: u;: u;4.5 u;133.5 ;: u;: u;153.8 ;133.9 ;: u;: u;1.0 u;7.4 u;: u;62.3 ;: u;48.3 u;14.9 u;54.6 u;17.8 u;: u;: u;13.7 u;: u;17.7 u;144.0 ;941.8 e;1.7 u;: u
THS,PB2710,Y45-64,M,2012;675.9 e;10.4 u;: u;: u;10.7 u;96.3 ;: u;: u;92.4 ;84.7 ;: u;: u;1.8 u;3.4 u;: u;60.5 ;: u;21.7 u;8.8 u;27.0 u;41.5 u;: u;: u;7.6 u;: u;16.0 u;125.2 ;682.6 e;0.9 u;: u
THS,PB2710,Y45-64,T,2012;1608.9 e;39.2 u;: u;: u;15.1 u;229.7 ;: u;: u;246.2 ;218.7 ;: u;: u;2.8 u;10.8 u;: u;122.8 ;: u;69.9 u;23.7 u;81.6 u;59.3 u;: u;: u;21.3 u;: u;33.6 u;269.3 ;1624.4 e;2.6 u;: u
THS,PB2710,Y_GE15,F,2012;2989.6 e;74.5 ;23.7 ;25.7 u;16.3 ;419.7 ;6.4 u;49.9 ;577.3 ;355.7 ;199.7 ;4.6 ;9.8 ;46.8 ;1.4 u;196.3 ;1.4 u;109.7 ;30.3 ;227.8 ;59.7 ;68.0 ;11.0 u;29.3 ;42.7 ;47.3 ;354.7 ;3017.3 e;4.1 ;23.5 u
THS,PB2710,Y_GE15,M,2012;2088.1 e;47.4 ;24.3 ;23.1 u;25.3 ;271.1 ;6.6 u;24.1 ;344.8 ;288.7 ;168.7 ;5.0 ;7.4 ;21.5 ;1.6 u;133.7 ;0.7 u;61.9 ;29.3 ;106.1 ;86.3 ;59.4 ;4.3 u;20.7 ;18.9 ;30.7 ;276.4 ;2103.4 e;2.1 ;13.1 u
THS,PB2710,Y_GE15,T,2012;5077.7 e;121.9 ;48.0 ;48.8 u;41.6 ;690.9 ;13.0 u;74.0 ;922.1 ;644.3 ;368.4 ;9.7 ;17.1 ;68.3 ;3.0 u;330.0 ;2.1 u;171.6 ;59.6 ;333.9 ;146.0 ;127.5 ;15.2 u;50.0 ;61.7 ;77.9 ;631.1 ;5120.6 e;6.2 ;36.7 u
THS,PB2710,Y_GE65,F,2012;1466.7 e;17.8 u;16.5 u;18.2 u;8.8 u;140.6 ;: u;31.5 u;347.5 ;163.6 ;155.0 ;2.5 u;6.9 u;34.2 ;: u;112.6 ;: u;: u;10.3 u;145.2 u;32.5 ;41.3 ;: u;11.3 u;21.9 u;: u;105.8 ;1474.9 e;1.2 u;: u
THS,PB2710,Y_GE65,M,2012;911.4 e;26.0 u;16.2 u;17.2 u;9.5 u;99.4 ;: u;11.5 u;161.7 ;125.1 ;103.7 ;3.3 u;3.7 u;13.9 ;: u;52.7 ;: u;: u;7.7 u;48.9 u;28.9 ;27.8 ;: u;7.9 u;12.1 u;: u;112.3 ;915.1 e;0.5 u;: u
THS,PB2710,Y_GE65,T,2012;2378.2 e;43.7 u;32.6 u;35.4 u;18.3 u;240.0 ;: u;43.0 u;509.2 ;288.7 ;258.7 ;5.8 u;10.6 u;48.0 ;: u;165.3 ;: u;: u;18.0 u;194.1 u;61.4 ;69.0 ;: u;19.2 u;33.9 u;: u;218.1 ;2390.0 e;1.8 u;: u
THS,PB2730,Y15-44,F,2012;661.4 e;: u;: u;: u;: u;112.9 u;: u;: u;59.1 u;96.7 u;62.6 u;: u;3.5 u;: u;: u;: u;: u;34.2 u;: u;50.6 u;: u;22.6 u;: u;10.5 u;: u;: u;113.5 u;667.2 e;1.3 u;: u
THS,PB2730,Y15-44,M,2012;370.8 e;: u;0;: u;: u;28.4 u;: u;: u;22.9 u;27.5 u;40.3 u;: u;1.9 u;: u;: u;: u;: u;30.5 u;: u;47.2 u;: u;26.3 u;: u;6.2 u;: u;: u;94.6 u;375.9 e;0.6 u;: u
THS,PB2730,Y15-44,T,2012;1032.3 e;: u;: u;: u;: u;141.4 u;: u;: u;82.0 u;124.2 u;102.9 u;: u;5.4 u;: u;: u;: u;: u;64.7 u;: u;97.8 u;: u;48.9 u;: u;16.7 u;: u;: u;208.2 u;1043.2 e;1.9 u;: u
THS,PB2730,Y45-64,F,2012;1961.3 e;78.9 ;29.1 u;28.5 u;21.4 u;309.9 ;5.4 u;42.8 u;186.2 ;398.9 ;114.5 u;2.6 u;9.4 ;15.4 ;1.7 u;26.0 ;1.5 u;67.4 ;23.8 ;163.7 ;45.1 ;56.2 u;11.9 u;44.1 ;28.5 u;11.2 u;237.2 ;1978.3 e;2.6 u;14.4 u
THS,PB2730,Y45-64,M,2012;1251.7 e;22.5 ;13.3 u;11.2 u;14.4 u;220.5 ;2.9 u;9.7 u;179.4 ;234.3 ;81.1 u;4.5 u;4.7 ;5.1 ;2.0 u;32.7 ;0.4 u;58.3 ;24.1 ;46.0 ;27.9 ;20.7 u;4.5 u;20.4 ;16.8 u;17.9 u;176.5 ;1263.9 e;1.4 u;10.8 u
THS,PB2730,Y45-64,T,2012;3213.0 e;101.4 ;42.5 u;39.8 u;35.9 u;530.3 ;8.2 u;52.4 u;365.5 ;633.2 ;195.6 u;7.1 u;14.1 ;20.5 ;3.8 u;58.7 ;1.9 u;125.8 ;47.9 ;209.6 ;73.0 ;76.9 u;16.4 u;64.5 ;45.2 u;29.1 u;413.6 ;3242.2 e;3.9 u;25.3 u
THS,PB2730,Y_GE15,F,2012;5063.6 e;156.6 ;71.0 ;57.7 ;48.3 ;1078.2 ;13.7 ;93.3 ;419.2 ;806.5 ;459.8 ;8.7 ;21.6 ;34.7 ;4.2 ;77.2 ;2.5 u;168.3 ;78.9 ;395.0 ;100.4 ;104.3 ;25.2 ;77.3 ;58.2 ;79.1 ;623.7 ;5110.4 e;5.7 ;41.1 
THS,PB2730,Y_GE15,M,2012;3875.8 e;74.2 ;32.7 ;37.4 ;52.3 ;875.4 ;6.3 ;38.9 ;418.1 ;598.3 ;283.7 ;7.9 ;15.0 ;22.3 ;3.5 ;79.7 ;1.0 u;172.7 ;66.1 ;201.3 ;66.2 ;58.0 ;12.1 ;32.1 ;42.6 ;75.8 ;602.3 ;3914.2 e;3.8 ;34.6 
THS,PB2730,Y_GE15,T,2012;8939.4 e;230.8 ;103.7 ;95.1 ;100.6 ;1953.6 ;20.0 ;132.3 ;837.3 ;1404.8 ;743.4 ;16.6 ;36.6 ;57.0 ;7.7 ;156.8 ;3.5 u;341.0 ;145.0 ;596.3 ;166.6 ;162.3 ;37.3 ;109.4 ;100.8 ;154.9 ;1226.0 ;9024.6 e;9.5 ;75.7 
THS,PB2730,Y_GE65,F,2012;2440.9 e;58.5 ;33.7 ;28.3 u;24.8 ;655.4 ;7.3 u;41.2 ;173.9 ;311.0 ;282.7 ;4.1 ;8.8 u;15.8 ;1.7 u;43.9 ;: u;66.7 ;41.7 ;180.6 ;44.5 ;25.5 u;12.1 ;22.7 u;24.6 u;57.9 ;273.0 ;2464.9 e;1.8 u;22.1 u
THS,PB2730,Y_GE65,M,2012;2253.2 e;44.0 ;19.4 ;23.1 u;34.1 ;626.5 ;3.2 u;27.8 ;215.8 ;336.5 ;162.3 ;3.1 ;8.4 u;15.4 ;1.0 u;39.7 ;: u;83.9 ;36.7 ;108.2 ;34.4 ;11.0 u;6.2 ;5.5 u;23.4 u;51.8 ;331.2 ;2274.3 e;1.8 u;19.3 u
THS,PB2730,Y_GE65,T,2012;4694.1 e;102.5 ;53.1 ;51.4 u;58.9 ;1282.0 ;10.5 u;69.1 ;389.7 ;647.4 ;445.0 ;7.2 ;17.2 u;31.2 ;2.7 u;83.6 ;: u;150.5 ;78.4 ;288.8 ;78.9 ;36.5 u;18.3 ;28.2 u;48.0 u;109.7 ;604.2 ;4739.2 e;3.6 u;41.4 u
THS,PB2790,Y15-44,F,2012;4335.8 e;99.3 ;35.3 ;94.6 ;61.3 ;776.6 ;12.5 ;70.2 ;589.8 ;524.9 ;254.6 ;6.6 u;22.2 ;25.3 ;4.4 ;65.3 ;1.7 u;287.2 ;65.1 ;232.9 ;51.8 ;40.7 u;15.5 ;51.2 ;43.6 ;122.4 ;780.9 ;4444.4 e;4.5 ;104.1 
THS,PB2790,Y15-44,M,2012;3214.4 e;66.5 ;42.8 ;63.2 ;37.3 ;678.6 ;8.9 ;43.9 ;408.1 ;372.5 ;185.2 ;4.9 u;20.3 ;13.2 ;5.7 ;47.3 ;1.3 u;151.0 ;35.0 ;263.8 ;50.1 ;36.5 u;10.7 ;49.0 ;63.4 ;70.8 ;484.1 ;3275.9 e;2.5 ;59.1 
THS,PB2790,Y15-44,T,2012;7550.1 e;165.8 ;78.1 ;157.8 ;98.5 ;1455.2 ;21.4 ;114.1 ;997.9 ;897.4 ;439.8 ;11.5 u;42.5 ;38.4 ;10.1 ;112.6 ;2.9 u;438.2 ;100.1 ;496.8 ;101.9 ;77.2 u;26.3 ;100.3 ;107.0 ;193.2 ;1265.0 ;7720.3 e;7.0 ;163.2 
THS,PB2790,Y45-64,F,2012;5550.7 e;116.7 ;77.8 ;82.0 ;84.4 ;918.6 ;18.0 ;146.7 ;757.4 ;761.0 ;343.1 ;20.2 ;27.9 ;37.1 ;5.0 ;71.3 ;2.9 ;290.0 ;70.9 ;394.1 ;102.8 ;75.3 ;21.0 ;109.5 ;104.4 ;131.0 ;781.6 ;5630.2 e;4.5 ;74.9 
THS,PB2790,Y45-64,M,2012;3976.0 e;54.0 ;56.9 ;58.3 ;58.3 ;825.8 ;14.2 ;72.6 ;507.5 ;498.4 ;217.9 ;12.6 ;22.6 ;20.1 ;3.6 ;48.1 ;2.3 ;150.7 ;63.6 ;353.5 ;138.4 ;43.5 ;7.6 ;57.4 ;60.2 ;74.3 ;553.4 ;4033.7 e;2.0 ;55.7 
THS,PB2790,Y45-64,T,2012;9526.8 e;170.7 ;134.6 ;140.4 ;142.8 ;1744.4 ;32.2 ;219.3 ;1264.9 ;1259.4 ;561.0 ;32.8 ;50.5 ;57.3 ;8.6 ;119.4 ;5.2 ;440.7 ;134.5 ;747.6 ;241.2 ;118.8 ;28.7 ;166.9 ;164.6 ;205.4 ;1335.0 ;9663.9 e;6.5 ;130.7 
THS,PB2790,Y_GE15,F,2012;14919.8 e;264.5 ;169.7 ;272.7 ;194.3 ;2872.3 ;59.4 ;398.8 ;2013.3 ;1693.3 ;1033.6 ;40.3 ;91.3 ;114.3 ;11.7 ;214.5 ;7.6 ;705.0 ;183.3 ;1177.7 ;252.0 ;217.8 ;57.8 ;230.0 ;240.2 ;340.1 ;2064.1 ;15156.1 e;11.1 ;225.2 
THS,PB2790,Y_GE15,M,2012;10536.1 e;178.8 ;143.0 ;177.3 ;129.2 ;2189.7 ;34.5 ;226.9 ;1359.6 ;1226.9 ;612.8 ;25.4 ;55.0 ;66.4 ;12.1 ;121.2 ;5.8 ;412.3 ;143.6 ;915.7 ;262.9 ;132.5 ;27.8 ;143.3 ;173.7 ;211.5 ;1548.3 ;10684.3 e;5.2 ;143.1 
THS,PB2790,Y_GE15,T,2012;25455.9 e;443.3 ;312.7 ;450.0 ;323.5 ;5062.0 ;93.9 ;625.7 ;3373.0 ;2920.2 ;1646.5 ;65.7 ;146.3 ;180.7 ;23.8 ;335.6 ;13.4 ;1117.4 ;326.9 ;2093.4 ;514.9 ;350.3 ;85.6 ;373.3 ;413.9 ;551.6 ;3612.4 ;25840.5 e;16.3 ;368.3 
THS,PB2790,Y_GE65,F,2012;5033.3 e;48.5 ;56.6 ;96.1 ;48.6 ;1177.2 ;28.9 ;181.9 ;666.1 ;407.4 ;435.9 ;13.6 ;41.2 ;51.9 ;2.3 u;77.9 ;3.1 ;127.8 ;47.3 ;550.6 ;97.4 ;101.9 ;21.2 ;69.3 ;92.3 ;86.7 ;501.6 ;5081.6 e;2.1 u;46.2 
THS,PB2790,Y_GE65,M,2012;3345.7 e;58.3 ;43.4 ;55.7 ;33.6 ;685.3 ;11.4 ;110.4 ;444.0 ;355.9 ;209.7 ;7.9 ;12.0 ;33.1 ;2.9 u;25.7 ;2.2 ;110.6 ;45.0 ;298.4 ;74.4 ;52.5 ;9.4 ;36.9 ;50.1 ;66.3 ;510.8 ;3374.7 e;0.7 u;28.2 
THS,PB2790,Y_GE65,T,2012;8379.0 e;106.8 ;100.0 ;151.8 ;82.2 ;1862.4 ;40.3 ;292.3 ;1110.1 ;763.4 ;645.7 ;21.4 ;53.2 ;85.0 ;5.2 u;103.6 ;5.2 ;238.4 ;92.3 ;849.1 ;171.8 ;154.3 ;30.6 ;106.2 ;142.3 ;153.0 ;1012.4 ;8456.3 e;2.9 u;74.4 
THS,TOTAL,Y15-44,F,2012;45976.2 e;1433.6 ;396.2 ;569.6 ;702.0 ;9191.9 ;167.3 ;485.2 ;5614.4 ;6864.4 ;2733.5 ;60.8 ;194.1 ;310.6 ;65.7 ;665.8 ;24.5 ;2064.1 ;936.1 ;2681.8 ;916.8 ;396.0 ;162.5 ;507.8 ;624.3 ;1172.6 ;7034.5 ;46662.6 e;46.4 ;640.0 
THS,TOTAL,Y15-44,M,2012;40198.8 e;1141.6 ;351.6 ;505.8 ;642.3 ;8424.5 ;150.2 ;334.7 ;4814.8 ;5588.1 ;2514.1 ;38.2 ;164.7 ;245.6 ;59.4 ;640.6 ;26.1 ;1546.7 ;705.0 ;2227.9 ;745.5 ;350.2 ;172.1 ;702.6 ;586.5 ;1099.6 ;6420.5 ;40860.0 e;48.9 ;612.3 
THS,TOTAL,Y15-44,T,2012;86175.0 e;2575.2 ;747.8 ;1075.4 ;1344.3 ;17616.4 ;317.4 ;820.0 ;10429.3 ;12452.5 ;5247.5 ;98.9 ;358.8 ;556.2 ;125.1 ;1306.4 ;50.6 ;3610.8 ;1641.1 ;4909.7 ;1662.3 ;746.2 ;334.6 ;1210.4 ;1210.8 ;2272.2 ;13455.1 ;87522.6 e;95.3 ;1252.3 
THS,TOTAL,Y45-64,F,2012;48584.3 e;1324.8 ;760.6 ;801.6 ;617.8 ;9225.7 ;163.1 ;909.5 ;4889.8 ;6611.1 ;4198.4 ;101.4 ;239.6 ;353.6 ;48.2 ;952.0 ;39.6 ;1559.7 ;803.6 ;3921.6 ;1036.7 ;1532.8 ;219.1 ;870.8 ;599.4 ;992.2 ;5811.3 ;49078.4 e;34.5 ;459.6 
THS,TOTAL,Y45-64,M,2012;41429.5 e;976.9 ;683.7 ;628.8 ;543.6 ;8182.0 ;132.1 ;672.6 ;4315.7 ;5508.7 ;3208.4 ;90.4 ;189.8 ;279.8 ;47.3 ;820.3 ;32.7 ;1358.3 ;736.0 ;3398.7 ;867.0 ;1407.9 ;202.0 ;629.6 ;520.4 ;751.3 ;5245.5 ;41879.1 e;26.1 ;423.5 
THS,TOTAL,Y45-64,T,2012;90013.8 e;2301.7 ;1444.3 ;1430.4 ;1161.4 ;17407.7 ;295.3 ;1582.0 ;9205.5 ;12119.9 ;7406.8 ;191.8 ;429.5 ;633.5 ;95.5 ;1772.3 ;72.3 ;2918.0 ;1539.7 ;7320.3 ;1903.7 ;2940.7 ;421.0 ;1500.4 ;1119.9 ;1743.5 ;11056.8 ;90957.5 e;60.5 ;883.1 
THS,TOTAL,Y_GE15,F,2012;137369.5 e;3578.7 ;1856.0 ;2225.4 ;1775.0 ;26656.5 ;476.0 ;2467.3 ;14714.1 ;18240.5 ;12911.1 ;217.4 ;674.5 ;1011.3 ;147.3 ;2560.4 ;95.0 ;4589.9 ;2395.1 ;9761.1 ;2759.1 ;3470.6 ;575.3 ;1829.6 ;1704.9 ;3035.1 ;17642.3 ;138923.3 e;99.2 ;1454.5 
THS,TOTAL,Y_GE15,M,2012;112289.5 e;2920.1 ;1505.7 ;1726.4 ;1565.7 ;22714.2 ;342.9 ;1761.6 ;12114.1 ;14775.9 ;9765.2 ;173.3 ;460.6 ;698.6 ;129.1 ;1989.1 ;82.0 ;3884.8 ;1912.8 ;7290.2 ;2185.3 ;2976.1 ;493.5 ;1512.8 ;1456.9 ;2479.3 ;15373.2 ;113654.9 e;91.4 ;1273.9 
THS,TOTAL,Y_GE15,T,2012;249659.0 e;6498.9 ;3361.7 ;3951.8 ;3340.7 ;49370.7 ;818.8 ;4228.9 ;26828.2 ;33016.3 ;22676.3 ;390.7 ;1135.1 ;1709.9 ;276.4 ;4549.4 ;177.1 ;8474.7 ;4307.9 ;17051.3 ;4944.5 ;6446.7 ;1068.8 ;3342.4 ;3161.8 ;5514.4 ;33015.5 ;252578.1 e;190.7 ;2728.4 
THS,TOTAL,Y_GE65,F,2012;42809.0 e;820.3 ;699.2 ;854.1 ;455.2 ;8238.9 ;145.6 ;1072.6 ;4209.8 ;4764.9 ;5979.2 ;55.2 ;240.8 ;347.0 ;33.3 ;942.6 ;31.0 ;966.1 ;655.4 ;3157.7 ;805.6 ;1541.8 ;193.7 ;450.9 ;481.2 ;870.3 ;4796.5 ;43182.3 e;18.3 ;354.9 
THS,TOTAL,Y_GE65,M,2012;30661.2 e;801.6 ;470.4 ;591.9 ;379.9 ;6107.7 ;60.5 ;754.3 ;2983.6 ;3679.0 ;4042.7 ;44.7 ;106.1 ;173.2 ;22.4 ;528.2 ;23.2 ;979.8 ;471.8 ;1663.6 ;572.8 ;1218.1 ;119.5 ;180.6 ;350.0 ;628.4 ;3707.2 ;30915.8 e;16.5 ;238.1 
THS,TOTAL,Y_GE65,T,2012;73470.2 e;1621.9 ;1169.6 ;1446.1 ;835.1 ;14346.6 ;206.1 ;1826.9 ;7193.4 ;8444.0 ;10021.9 ;99.9 ;346.9 ;520.2 ;55.8 ;1470.8 ;54.2 ;1945.9 ;1127.2 ;4821.2 ;1378.5 ;2759.9 ;313.2 ;631.6 ;831.2 ;1498.7 ;8503.6 ;74098.0 e;34.8 ;593.0 
